starttime,lane_1_occ,lane_1_spd,lane_1_vol,lane_2_occ,lane_2_spd,lane_2_vol,lane_3_occ,lane_3_spd,lane_3_vol,lane_r_1_vol
"2017-08-20 00:00:00-07",1.15,63.87,15,4.85,67.38,34,0.46,71,19,
"2017-08-20 00:05:00-07",1.3,61.67,12,1.9,68.07,27,0.4,69.33,9,
"2017-08-20 00:10:00-07",2.88,64.44,18,2.38,71.23,22,0.38,72.56,9,
"2017-08-20 00:15:00-07",1.09,66.2,10,2.64,69.44,34,0.91,74.39,18,
"2017-08-20 00:20:00-07",1.64,65.75,24,1.5,69.31,26,0.14,74.25,8,
"2017-08-20 00:25:00-07",3.82,64.47,17,6.82,71.57,37,0,55.13,8,
"2017-08-20 00:30:00-07",0.79,66.53,15,1.36,70.52,25,0.29,69.91,11,
"2017-08-20 00:35:00-07",4,64.76,17,0.82,72.53,17,0.27,74.25,8,
"2017-08-20 00:40:00-07",3.5,60.45,20,2,68.88,33,0.57,72.62,13,
"2017-08-20 00:45:00-07",0.82,65,10,0.82,71.94,17,0,74.5,2,
"2017-08-20 00:50:00-07",4.17,62.95,20,1.5,70.26,19,0.25,71.14,7,
"2017-08-20 00:55:00-07",0.55,72.78,9,2.18,68.5,18,0.36,70.78,9,
"2017-08-20 01:00:00-07",0.57,68.5,12,1.07,69.13,23,0.29,74,10,
"2017-08-20 01:05:00-07",4.45,61.6,20,1.45,65.4,15,0.45,69.56,9,
"2017-08-20 01:10:00-07",0.86,69.2,10,1.93,70.32,25,0.14,76.25,8,
"2017-08-20 01:15:00-07",1.36,62.67,6,1.09,62.2,15,0.18,78.33,6,
"2017-08-20 01:20:00-07",1.14,66.73,11,1.71,69.81,21,0,65.8,5,
"2017-08-20 01:25:00-07",2.45,65.5,10,1.27,71.93,15,0,72.8,5,
"2017-08-20 01:30:00-07",1,68.63,16,0.57,70,16,0.07,72,4,
"2017-08-20 01:35:00-07",1,68.83,12,1.18,71.62,13,0.45,75.5,10,
"2017-08-20 01:40:00-07",1.57,61.5,14,1,68.15,20,0.07,75,3,
"2017-08-20 01:45:00-07",0,24.33,3,1.64,69.86,21,0.18,67.5,6,
"2017-08-20 01:50:00-07",1.93,59.83,12,0.43,71.83,12,0.07,71.5,6,
"2017-08-20 01:55:00-07",1,65.7,10,1,63.82,11,0.18,73,3,
"2017-08-20 02:00:00-07",0.29,70.71,7,0.5,68.83,12,0,71,2,
"2017-08-20 02:05:00-07",1.18,63.38,8,0.55,71.45,11,0,78,1,
"2017-08-20 02:10:00-07",1.21,65,17,0.36,69.36,11,0.14,76,4,
"2017-08-20 02:15:00-07",0.73,63,10,1.45,68,18,0.18,76,2,
"2017-08-20 02:20:00-07",1.21,65.18,11,0.79,64.69,16,0,69,2,
"2017-08-20 02:25:00-07",0.36,67.3,10,0.27,70.38,8,0.09,73.4,5,
"2017-08-20 02:30:00-07",3.14,59.72,18,0.93,68.21,19,0.14,70.57,7,
"2017-08-20 02:35:00-07",1.36,59.86,7,0.27,66.55,11,0,72.33,3,
"2017-08-20 02:40:00-07",1.36,60.15,13,0.07,58.42,12,0,76.5,4,
"2017-08-20 02:45:00-07",0.73,67.83,6,0.36,72.82,11,0,,0,
"2017-08-20 02:50:00-07",0.93,65.36,11,1.07,72.24,17,0.14,78.75,4,
"2017-08-20 02:55:00-07",0.18,69.25,4,0.91,66.71,7,0,,0,
"2017-08-20 03:00:00-07",2.14,63.92,13,0.36,72.67,9,0,77.5,4,
"2017-08-20 03:05:00-07",1.27,67.75,8,0.18,68.17,6,0,82,1,
"2017-08-20 03:10:00-07",1.14,64.63,8,0.14,75.2,5,0,78,5,
"2017-08-20 03:15:00-07",1.64,63.69,13,0.36,69.22,9,0.36,73,8,
"2017-08-20 03:20:00-07",4.33,63.88,8,0.67,65.5,4,0.67,74.86,7,
"2017-08-20 03:25:00-07",1,60.13,8,1.18,72.19,16,0.18,72.6,5,
"2017-08-20 03:30:00-07",4.57,63.6,20,1.14,69.04,23,0,76.67,9,
"2017-08-20 03:35:00-07",2.09,63.44,9,0.82,72.77,13,0,76,2,
"2017-08-20 03:40:00-07",0.79,65.67,6,0.43,74.6,10,0,60.25,4,
"2017-08-20 03:45:00-07",0,72,1,2.2,70.86,7,0.2,79.5,4,
"2017-08-20 03:50:00-07",1,66.33,12,0.71,66.89,9,0,69,4,
"2017-08-20 03:55:00-07",3.09,63.69,13,0.18,68,9,0.09,72,2,
"2017-08-20 04:00:00-07",0.25,73,5,0.13,72.5,8,0,80,1,
"2017-08-20 04:05:00-07",2.73,65.07,14,1.45,70.65,17,0.09,76.86,7,
"2017-08-20 04:10:00-07",1.63,66.67,6,0.5,72.86,7,0.13,73,1,
"2017-08-20 04:15:00-07",1,61.86,7,0.82,69.25,12,0,70.8,5,
"2017-08-20 04:20:00-07",1.14,69.44,9,0.79,72.22,18,0.14,76.67,12,
"2017-08-20 04:25:00-07",3.18,55.87,15,1.82,74.17,18,0,76,1,
"2017-08-20 04:30:00-07",1.57,69.73,15,0.93,72.45,20,0,72.67,3,
"2017-08-20 04:35:00-07",1.18,65.27,15,1.36,71.53,17,0,77.13,8,
"2017-08-20 04:40:00-07",1.86,66.65,20,0.5,72.53,17,0.07,71.57,7,
"2017-08-20 04:45:00-07",1.91,65.67,9,2.18,70.92,26,0,74.8,5,
"2017-08-20 04:50:00-07",3,63.78,18,1.21,69.64,22,0.14,73.89,9,
"2017-08-20 04:55:00-07",0.45,69.7,10,0.82,73.36,11,0,78,2,
"2017-08-20 05:00:00-07",1.93,64.42,12,0.93,68.84,19,0,72,2,
"2017-08-20 05:05:00-07",2.82,65.15,13,1.45,70.86,21,0,73.6,5,
"2017-08-20 05:10:00-07",3.71,65.15,20,0.5,73.72,18,0,25.33,3,
"2017-08-20 05:15:00-07",1.45,63.5,12,2,74.86,21,0,74,3,
"2017-08-20 05:20:00-07",1.79,68.5,20,1.36,73.77,26,0.14,75.11,9,
"2017-08-20 05:25:00-07",1.82,60.42,12,1.64,71.74,19,0.09,74.86,7,
"2017-08-20 05:30:00-07",2.64,58.71,17,2.07,73.23,31,0.14,75.5,8,
"2017-08-20 05:35:00-07",2.73,66.61,18,1.36,71.25,16,0.55,74.14,14,
"2017-08-20 05:40:00-07",2.07,66.48,23,0.5,71.3,20,0.21,75.57,7,
"2017-08-20 05:45:00-07",2.27,63.5,18,2.36,71.56,27,0.18,78.45,11,
"2017-08-20 05:50:00-07",1.93,62.53,17,0.64,73.69,16,0,78.6,5,
"2017-08-20 05:55:00-07",2,62.08,13,1.91,71.71,21,0.27,58.6,5,
"2017-08-20 06:00:00-07",1.71,69,17,1,72.29,14,0.5,73.29,7,
"2017-08-20 06:05:00-07",2.55,63.21,14,2.09,71.68,25,0,76,4,
"2017-08-20 06:10:00-07",1.71,59.61,18,3.64,69.23,31,0.29,75,8,
"2017-08-20 06:15:00-07",2.55,64.29,14,1,70.72,18,0.09,77.25,4,
"2017-08-20 06:20:00-07",3.07,63.6,20,2,72.66,35,0.14,78,9,
"2017-08-20 06:25:00-07",2.91,66.81,21,1.82,73.88,16,0.18,74.67,9,
"2017-08-20 06:30:00-07",3.57,65.22,23,1.86,71,31,0.5,76.14,14,
"2017-08-20 06:35:00-07",4.73,67.1,31,2.55,71.97,29,0.45,75.29,14,
"2017-08-20 06:40:00-07",2.57,66.43,23,1.07,72.26,19,0.29,71,8,
"2017-08-20 06:45:00-07",6.18,63.97,30,1,75.08,12,0,75.6,5,
"2017-08-20 06:50:00-07",3.07,65.4,25,1.5,71.64,25,0.21,75.14,7,
"2017-08-20 06:55:00-07",3.27,65.96,24,2,71.14,28,0.36,73.33,9,
"2017-08-20 07:00:00-07",2.64,63.9,21,1.64,69.45,31,0.29,77.6,5,
"2017-08-20 07:05:00-07",3.27,62.08,12,0.73,74.6,15,0,80,5,
"2017-08-20 07:10:00-07",4.29,63.52,31,2.57,71.32,38,0.71,65.1,20,
"2017-08-20 07:15:00-07",4.27,65.97,30,1.73,73.41,29,0.09,75.67,6,
"2017-08-20 07:20:00-07",4.75,67.73,22,1.88,73.29,21,0.5,76.33,9,
"2017-08-20 07:25:00-07",6.91,66.83,35,3.64,72.94,33,1.27,73.19,21,
"2017-08-20 07:30:00-07",4.5,63.88,33,3.36,70.33,45,0.79,71,20,
"2017-08-20 07:35:00-07",0.67,64,4,0.33,73.33,6,0.33,76,2,
"2017-08-20 07:40:00-07",5.14,64.43,37,4.07,70.02,54,1.36,73.79,29,
"2017-08-20 07:45:00-07",4.64,65.37,30,3.55,71.2,40,0.55,76.13,15,
"2017-08-20 07:50:00-07",5.14,62.77,35,4.93,68.93,60,0.86,75.04,23,
"2017-08-20 07:55:00-07",2.45,66.59,29,2.82,72.81,32,0.82,72.5,12,
"2017-08-20 08:00:00-07",2.43,64.67,36,4.21,74.1,49,1.57,73.07,30,
"2017-08-20 08:05:00-07",4,63.94,34,3.73,69.88,41,0.73,73.09,11,
"2017-08-20 08:10:00-07",5.57,64.67,42,2.21,71.41,39,1.07,73.87,23,
"2017-08-20 08:15:00-07",4.91,66.9,40,4.27,71.14,44,1.09,75.95,20,
"2017-08-20 08:20:00-07",4.93,65.3,44,5.64,70.41,70,0.93,72.26,27,
"2017-08-20 08:25:00-07",3.82,63.24,29,3.36,72.75,44,0.36,77.14,14,
"2017-08-20 08:30:00-07",2.21,63.04,27,4.64,71.47,60,2.21,67.5,42,
"2017-08-20 08:35:00-07",3.73,65.59,32,4.09,69.55,40,0.91,71.53,19,
"2017-08-20 08:40:00-07",3.64,64.16,38,4.21,69.02,53,0.64,76.25,24,
"2017-08-20 08:45:00-07",5.45,65.27,37,4.27,72.98,53,3.18,76.82,44,
"2017-08-20 08:50:00-07",5.07,65.58,45,3.86,70.32,53,1.71,75.79,38,
"2017-08-20 08:55:00-07",5.82,63.08,48,4.27,69.68,44,1.82,75.23,30,
"2017-08-20 09:00:00-07",6.21,65.78,41,5.57,71.05,73,1.21,69.86,28,
"2017-08-20 09:05:00-07",4,63.68,34,3.82,71.28,40,1.91,76.15,33,
"2017-08-20 09:10:00-07",6.86,67.5,48,5.79,70.41,71,2.5,76.51,47,
"2017-08-20 09:15:00-07",4.64,67.87,46,4.73,71.73,52,1.45,73.48,27,
"2017-08-20 09:20:00-07",4.75,66.06,36,4.75,69.77,31,1.13,74.8,15,
"2017-08-20 09:25:00-07",9,63.91,54,8.55,71.36,66,2.73,73.23,39,
"2017-08-20 09:30:00-07",6.21,63.37,62,5.93,70.35,75,2.79,73.61,54,
"2017-08-20 09:35:00-07",7.27,66.39,59,6.09,73.65,60,3,72.33,40,
"2017-08-20 09:40:00-07",5.93,62.84,63,5.86,70.57,67,3.5,74.98,58,
"2017-08-20 09:45:00-07",9,62.03,69,6.36,69.91,67,1.82,75.55,31,
"2017-08-20 09:50:00-07",6.43,61.88,74,8,68.76,76,3.21,72.4,58,
"2017-08-20 09:55:00-07",6.45,60.55,51,6,70.98,56,3.91,75.11,55,
"2017-08-20 10:00:00-07",5.93,63.9,58,5.71,69.71,66,3.21,73.97,60,
"2017-08-20 10:05:00-07",5.73,62.59,44,5.55,70.18,56,1.45,74.4,25,
"2017-08-20 10:10:00-07",8,61.01,68,5.64,70,63,3.29,72.75,56,
"2017-08-20 10:15:00-07",7,63.77,57,6.91,69.48,73,3.36,74.18,45,
"2017-08-20 10:20:00-07",7.36,63.79,70,7,69.07,89,3.43,73.43,65,
"2017-08-20 10:25:00-07",6.64,62.81,54,8.82,68.47,75,4.73,71.61,57,
"2017-08-20 10:30:00-07",8.36,60.32,73,8.5,69.07,95,3.14,73.93,57,
"2017-08-20 10:35:00-07",9.09,62.47,60,8.27,67.52,66,6.64,71.54,80,
"2017-08-20 10:40:00-07",6.71,61,77,8,68.9,99,5.07,71.6,78,
"2017-08-20 10:45:00-07",8.91,61.45,66,8.91,66.7,81,5.64,70.32,62,
"2017-08-20 10:50:00-07",7.43,60.22,69,7.71,70.05,83,4.29,72.56,70,
"2017-08-20 10:55:00-07",6.27,62.07,54,7.27,68.05,65,4.09,72.65,52,
"2017-08-20 11:00:00-07",6.14,64.38,68,6.5,70.47,72,4.29,75.04,69,
"2017-08-20 11:05:00-07",8.2,63.64,22,6.8,69.43,35,4.8,75.04,27,
"2017-08-20 11:10:00-07",6.36,64.39,66,5.29,68.22,60,2.64,74.69,45,
"2017-08-20 11:15:00-07",8,63.61,49,9.27,69.67,69,5.91,74.3,73,
"2017-08-20 11:20:00-07",6.29,64.09,69,8,69.11,94,5.71,71.76,91,
"2017-08-20 11:25:00-07",9.55,63.16,69,5.36,68.6,52,2.82,73.65,40,
"2017-08-20 11:30:00-07",6.07,64.36,66,6.21,70.51,76,5,73.08,76,
"2017-08-20 11:35:00-07",7.18,64.42,62,8.27,69.59,78,4.82,73.72,67,
"2017-08-20 11:40:00-07",11.36,62.57,91,8.93,67.13,104,5.93,71.22,96,
"2017-08-20 11:45:00-07",9.45,63.53,60,7.91,70.41,69,4.64,72.84,58,
"2017-08-20 11:50:00-07",7.64,63.34,74,7.5,70.2,92,4.36,74.23,70,
"2017-08-20 11:55:00-07",7,59.65,63,9.36,67.7,87,5.82,71.99,70,
"2017-08-20 12:00:00-07",7,64.8,76,8.86,69.78,113,4.36,74.06,81,
"2017-08-20 12:05:00-07",10.27,62.82,74,8.73,68.51,78,5.73,72.61,70,
"2017-08-20 12:10:00-07",7.57,63.48,61,8.14,68.88,99,6.07,73.2,93,
"2017-08-20 12:15:00-07",9.8,62.6,35,9.4,68.59,41,6.6,73.05,38,
"2017-08-20 12:20:00-07",11.86,60.76,94,7,68.76,91,6.5,71.77,108,
"2017-08-20 12:25:00-07",8.36,60.98,63,9.36,67.62,84,6.45,69.85,74,
"2017-08-20 12:30:00-07",8.86,63.7,81,8.14,69.72,104,5.79,73.21,98,
"2017-08-20 12:35:00-07",8.36,62.94,65,7.36,69.81,77,3.18,73.87,46,
"2017-08-20 12:40:00-07",8.64,62.78,90,8.57,69.31,89,5.36,73.67,86,
"2017-08-20 12:45:00-07",8.91,60.88,73,8.27,68.97,78,6.18,70.61,75,
"2017-08-20 12:50:00-07",6.43,64.13,72,7.57,70.84,91,6,73.97,97,
"2017-08-20 12:55:00-07",12.36,60.49,82,8.09,68.73,75,5.91,71.18,71,
"2017-08-20 13:00:00-07",8.57,63.22,89,8.14,68.09,101,5.71,72.98,92,
"2017-08-20 13:05:00-07",8,63.52,48,8.18,68.09,77,4.36,73.86,58,
"2017-08-20 13:10:00-07",9.29,60.79,77,8.71,68.88,88,4.57,74.43,77,
"2017-08-20 13:15:00-07",7.27,64.49,63,8.82,67.91,82,3,73.49,45,
"2017-08-20 13:20:00-07",11.86,59.54,92,7.64,68.34,98,6.79,71.9,105,
"2017-08-20 13:25:00-07",9.55,63.18,66,10.64,68.38,97,5.36,72.28,72,
"2017-08-20 13:30:00-07",8.5,62.88,85,9.79,68.93,108,6,73.64,99,
"2017-08-20 13:35:00-07",7.45,63.8,59,7.36,70.23,66,5.45,73.69,70,
"2017-08-20 13:40:00-07",8.57,61.63,84,9.29,67.98,104,5.29,71.49,91,
"2017-08-20 13:45:00-07",6.55,65.89,56,6.82,71.39,67,4.91,74.55,62,
"2017-08-20 13:50:00-07",5.71,65.02,62,6.86,71.52,83,4.21,71.92,75,
"2017-08-20 13:55:00-07",11.18,61.41,68,8.45,71.53,78,6.64,71.4,84,
"2017-08-20 14:00:00-07",7.71,62.78,65,9.14,67.91,95,4.79,73.32,82,
"2017-08-20 14:05:00-07",6.82,60.67,57,8,71.05,79,4,71.13,55,
"2017-08-20 14:10:00-07",9.71,62.86,87,8.36,68.03,93,5.36,70.56,82,
"2017-08-20 14:15:00-07",8.36,60.36,58,9.64,67.94,78,5.27,70.54,68,
"2017-08-20 14:20:00-07",7.21,63.54,72,7.36,69.43,93,5.21,71.45,82,
"2017-08-20 14:25:00-07",7.91,61.05,60,8.45,68.01,72,4.64,72.65,60,
"2017-08-20 14:30:00-07",11.64,62.32,94,8.57,69.18,110,7.29,72.65,110,
"2017-08-20 14:35:00-07",7.09,64.22,59,7.36,69.49,76,5.55,73.19,68,
"2017-08-20 14:40:00-07",7.29,63.84,79,8.57,68.61,109,6.07,71.89,96,
"2017-08-20 14:45:00-07",8,62.1,58,7.18,70.32,68,4.64,69.1,58,
"2017-08-20 14:50:00-07",8.79,61.09,87,6.79,69.51,83,4.64,69.32,72,
"2017-08-20 14:55:00-07",10.45,60.46,82,7.64,68.8,71,5.64,71.86,69,
"2017-08-20 15:00:00-07",8.57,63.29,69,10.29,67.65,106,5.86,72.57,95,
"2017-08-20 15:05:00-07",7,63.26,46,9.64,67.27,88,4.36,72.56,63,
"2017-08-20 15:10:00-07",9.5,62.02,91,7.79,68.19,90,4.36,71.42,69,
"2017-08-20 15:15:00-07",13.45,59.8,88,7,67.26,65,4.82,69.49,65,
"2017-08-20 15:20:00-07",7,65.05,73,8,69.85,86,6.86,72.43,100,
"2017-08-20 15:25:00-07",6.82,61.86,59,8.73,69.07,76,4.73,71.07,57,
"2017-08-20 15:30:00-07",7.86,64.04,82,8.43,69.59,95,5.21,72.04,83,
"2017-08-20 15:35:00-07",8.36,64.17,63,5.82,72.28,60,3.27,73.58,48,
"2017-08-20 15:40:00-07",6.79,64.49,79,8,68.73,96,5.57,74.01,87,
"2017-08-20 15:45:00-07",11.36,61.08,61,7.27,69.49,65,6.27,72.31,77,
"2017-08-20 15:50:00-07",9.21,60.52,88,8.36,69.42,93,6.71,74.56,107,
"2017-08-20 15:55:00-07",7.73,63.15,61,8.64,68.46,82,4.27,71.74,61,
"2017-08-20 16:00:00-07",6.14,63.79,67,7.36,70.63,96,3.64,73.53,64,
"2017-08-20 16:05:00-07",8.91,62.2,70,8.09,68.25,83,5.18,72.59,71,
"2017-08-20 16:10:00-07",7.43,65.83,72,7.14,69.57,87,4.86,70.41,83,
"2017-08-20 16:15:00-07",8.36,63.15,60,6.91,72.88,67,4.09,70.91,56,
"2017-08-20 16:20:00-07",6.57,64.97,74,6.71,69.64,92,5.29,74.08,90,
"2017-08-20 16:25:00-07",9.09,60.25,56,7.91,66.99,77,3.45,73.31,45,
"2017-08-20 16:30:00-07",6.29,66.39,72,8.14,71.31,93,5.57,72.37,91,
"2017-08-20 16:35:00-07",10.64,61.87,76,8.73,70.98,84,3.82,71.59,54,
"2017-08-20 16:40:00-07",9.36,60.84,87,7.79,68.26,96,6,73.34,96,
"2017-08-20 16:45:00-07",7.91,63.44,55,7.18,68.7,64,5.36,73.3,70,
"2017-08-20 16:50:00-07",7.71,61.89,62,10.29,66.48,102,7,69.94,108,
"2017-08-20 16:55:00-07",9.36,61.79,58,11.64,63.64,81,7.91,67.13,90,
"2017-08-20 17:00:00-07",8.93,64.49,59,9.07,71.51,89,5.21,70.96,85,
"2017-08-20 17:05:00-07",5.82,67.39,49,7.09,68.77,66,4.73,72.55,55,
"2017-08-20 17:10:00-07",6.64,63.75,56,7.79,72.46,104,6.07,71.72,96,
"2017-08-20 17:15:00-07",9,62,65,8.91,66.38,65,6.45,72.26,78,
"2017-08-20 17:20:00-07",7.14,63.92,88,8.93,68.04,94,6.5,72.97,99,
"2017-08-20 17:25:00-07",8.73,64.74,65,6.73,68.72,60,6.27,73.56,82,
"2017-08-20 17:30:00-07",6.5,63.91,69,5.43,71.1,73,3.57,73.15,59,
"2017-08-20 17:35:00-07",8.64,63.04,55,8.27,69.16,70,3.18,74.16,45,
"2017-08-20 17:40:00-07",9.5,63.46,82,8.14,69.42,88,4.64,73.86,76,
"2017-08-20 17:45:00-07",7.55,64.04,54,8,71.05,79,5.82,74.2,75,
"2017-08-20 17:50:00-07",5,66.33,52,7.86,69.61,92,4.5,72.69,72,
"2017-08-20 17:55:00-07",7.36,63.45,51,7.45,69.81,68,4.45,73.34,58,
"2017-08-20 18:00:00-07",7.21,64.11,66,9.57,68.62,89,6.64,71.6,102,
"2017-08-20 18:05:00-07",5.91,64.33,36,6,72.17,65,3.27,74.45,47,
"2017-08-20 18:10:00-07",9.75,58.44,50,8.25,64.77,53,6,66.53,47,
"2017-08-20 18:15:00-07",9.09,54.74,53,7.09,64.91,57,3.91,67.72,50,
"2017-08-20 18:20:00-07",7.29,62.46,57,8.64,67.59,87,4.79,72.03,80,
"2017-08-20 18:25:00-07",8.55,62.02,53,7.91,70.5,64,4.73,74,58,
"2017-08-20 18:30:00-07",6,65.48,56,6.79,70.8,85,3.64,74.63,63,
"2017-08-20 18:35:00-07",7.18,65.23,44,8.45,71.53,75,3.27,74.1,48,
"2017-08-20 18:40:00-07",7.64,64.35,65,6.86,70.64,74,3.93,74.49,70,
"2017-08-20 18:45:00-07",7.73,62.75,56,7.55,70.23,61,3.18,75.08,50,
"2017-08-20 18:50:00-07",5.64,64.27,44,6.21,69.29,66,3.21,72,55,
"2017-08-20 18:55:00-07",7.82,64.49,49,9.18,67.6,65,3.45,72.04,48,
"2017-08-20 19:00:00-07",7.57,63.04,50,5.64,72.07,74,3.21,75.1,63,
"2017-08-20 19:05:00-07",12.55,63.62,53,6.18,68,50,3.73,71.71,49,
"2017-08-20 19:10:00-07",5.63,66,26,5.75,71.43,44,4.25,75.38,42,
"2017-08-20 19:15:00-07",5.27,65.24,42,6.45,69.47,68,3.09,74.4,42,
"2017-08-20 19:20:00-07",6.21,64,43,5.71,70.33,70,4.5,73.06,69,
"2017-08-20 19:25:00-07",4.73,67.3,37,3.91,70.73,51,3.91,74.8,50,
"2017-08-20 19:30:00-07",7.86,62.12,52,5.64,69.55,69,4.36,73.11,72,
"2017-08-20 19:35:00-07",4.64,64.82,33,5.45,70.63,59,3.09,75.65,46,
"2017-08-20 19:40:00-07",5.79,63.72,46,5.79,70.11,73,4.64,72.99,79,
"2017-08-20 19:45:00-07",5.45,65.43,42,7.36,70.26,53,3.36,72.93,46,
"2017-08-20 19:50:00-07",7.21,62.91,55,7.64,69.1,71,4.64,72.22,73,
"2017-08-20 19:55:00-07",7.55,64.76,54,7.45,69.13,60,3.73,72.72,53,
"2017-08-20 20:00:00-07",7.57,61.18,55,7.07,67.28,75,3.93,72.22,67,
"2017-08-20 20:05:00-07",4.45,66.81,27,4.09,70.91,43,2.91,75.38,45,
"2017-08-20 20:10:00-07",6.57,62.79,52,6.07,68.18,61,3.64,72.06,68,
"2017-08-20 20:15:00-07",7.09,63.4,43,5.91,68.02,49,2.55,72.64,36,
"2017-08-20 20:20:00-07",6.79,58.84,49,7.5,68.12,78,4.36,70.32,72,
"2017-08-20 20:25:00-07",5.45,67.5,34,3.82,69.45,40,3.09,73.58,45,
"2017-08-20 20:30:00-07",6.29,65.35,49,5.14,70.59,71,3,72.91,55,
"2017-08-20 20:35:00-07",4.73,63.56,34,6.09,67.85,54,2.09,72.81,32,
"2017-08-20 20:40:00-07",5.07,62.64,44,5.57,66,51,1.57,70.59,29,
"2017-08-20 20:45:00-07",4.09,61.4,25,6.18,67.48,58,5.64,70.88,75,
"2017-08-20 20:50:00-07",5.5,61.38,48,6.14,66.61,71,3.36,70.86,63,
"2017-08-20 20:55:00-07",5.91,62.9,40,7.45,67.19,54,2.45,70.97,36,
"2017-08-20 21:00:00-07",5.5,65.24,51,5.14,70.56,64,3.79,70.27,60,
"2017-08-20 21:05:00-07",5.36,63.06,34,4.55,70.16,43,3,73.32,41,
"2017-08-20 21:10:00-07",4.36,64.53,51,5.43,68.59,71,3.29,70.92,52,
"2017-08-20 21:15:00-07",5.45,63.39,33,5.55,67.76,46,2,71.46,28,
"2017-08-20 21:20:00-07",5.5,61.49,37,5.14,67.35,62,2.71,70.98,48,
"2017-08-20 21:25:00-07",5.91,63.59,46,5,70.38,47,2.91,71.41,39,
"2017-08-20 21:30:00-07",3.71,61.42,45,4.5,70.23,60,2.71,71.98,51,
"2017-08-20 21:35:00-07",3.36,63.23,30,5,67.85,54,3.45,71.39,46,
"2017-08-20 21:40:00-07",4.07,65.7,43,3.43,72.58,48,1.36,73,24,
"2017-08-20 21:45:00-07",5.55,62.08,24,5,67.73,44,2,71.59,32,
"2017-08-20 21:50:00-07",4.93,63.52,44,3.21,71.65,49,2.14,70.48,42,
"2017-08-20 21:55:00-07",2.45,64.59,17,3.36,69.28,39,2.09,70.75,32,
"2017-08-20 22:00:00-07",5.21,62.68,47,4.64,69.35,52,2.14,71.18,39,
"2017-08-20 22:05:00-07",2.64,67.05,21,4.09,71.09,46,1.82,71.65,31,
"2017-08-20 22:10:00-07",3.07,64.53,30,4.07,68.37,54,1.43,67.5,30,
"2017-08-20 22:15:00-07",3,64.87,30,3.18,72.2,41,0.91,77.32,19,
"2017-08-20 22:20:00-07",3.14,65.4,43,3.5,69.88,51,1.5,74.72,32,
"2017-08-20 22:25:00-07",8.36,63.02,41,4.09,67.23,44,2.64,70.77,39,
"2017-08-20 22:30:00-07",5,64.25,32,2.29,69.76,37,0.93,70.35,26,
"2017-08-20 22:35:00-07",7,64.15,41,3.36,68.14,28,1.09,70.79,19,
"2017-08-20 22:40:00-07",4.29,59.82,34,3.43,71.61,54,2.57,72.93,46,
"2017-08-20 22:45:00-07",2.36,68.29,21,3.27,70.57,42,1.82,72.45,31,
"2017-08-20 22:50:00-07",2.71,63.43,23,4.71,69.19,57,2.07,71.68,41,
"2017-08-20 22:55:00-07",3.91,64.39,23,2.36,72.65,31,1.45,71.68,25,
"2017-08-20 23:00:00-07",3.71,65.87,31,3.64,70.93,46,2.43,72.27,45,
"2017-08-20 23:05:00-07",2.82,66.65,23,3.36,72.09,43,1.91,71.87,30,
"2017-08-20 23:10:00-07",4.07,63.35,34,2.93,70.75,44,0.71,75.1,20,
"2017-08-20 23:15:00-07",2.91,62.67,18,4.27,68.54,41,2.45,69.87,31,
"2017-08-20 23:20:00-07",3.07,67.31,32,3.29,68.44,34,0.64,73.94,18,
"2017-08-20 23:25:00-07",4,57.4,20,1.55,71.17,23,0.91,75,21,
"2017-08-20 23:30:00-07",3,64.86,14,2.25,71.43,21,0,72.33,3,
"2017-08-20 23:35:00-07",5.36,65.52,33,2.91,71.43,30,1.82,71.63,27,
"2017-08-20 23:40:00-07",2.5,62.25,16,3.14,69.44,43,1.79,72.09,32,
"2017-08-20 23:45:00-07",2.91,68.87,23,3.09,73.03,39,0.73,72.13,16,
"2017-08-20 23:50:00-07",2.57,62.87,23,4.07,68.9,41,1.57,72.48,29,
"2017-08-20 23:55:00-07",2.45,67.42,19,2.91,71.35,26,1.09,70.8,20,
"2017-08-21 00:00:00-07",3.57,63.39,28,2.07,69.81,32,0.86,73.71,21,
"2017-08-21 00:05:00-07",3.5,62.71,14,1.6,72.13,16,0.7,75.54,13,
"2017-08-21 00:10:00-07",2.57,64.93,15,3.36,69.29,38,0.71,72.89,19,
"2017-08-21 00:15:00-07",5.55,64.08,25,1.82,72.87,23,0.18,72.17,6,
"2017-08-21 00:20:00-07",2.64,55.56,18,3,61.8,41,1,72.88,25,
"2017-08-21 00:25:00-07",2.64,63.29,14,1.36,71.24,17,0.18,73,7,
"2017-08-21 00:30:00-07",3.64,64.27,22,2.29,68.8,25,0.21,73.79,14,
"2017-08-21 00:35:00-07",1.91,64,10,1.36,67.94,17,0,71,2,
"2017-08-21 00:40:00-07",2.13,62.15,13,2,67.9,10,0.25,70.33,6,
"2017-08-21 00:45:00-07",2.82,53.57,14,1.18,69,9,0,70.33,3,
"2017-08-21 00:50:00-07",1.57,67.18,17,0.86,68.55,22,0.07,72.25,8,
"2017-08-21 00:55:00-07",2.45,63.21,14,1.27,71.93,15,0.09,81.8,5,
"2017-08-21 01:00:00-07",0.86,69.6,10,1.5,68.26,19,0,74,5,
"2017-08-21 01:05:00-07",2.64,66.29,14,0.82,71.42,12,0.64,74.2,10,
"2017-08-21 01:10:00-07",2.07,65.41,17,0.21,73.57,14,0,71,1,
"2017-08-21 01:15:00-07",4.64,60.95,19,0.55,66.9,10,0.18,51,7,
"2017-08-21 01:20:00-07",1,64,10,0.79,69.45,11,0.07,74.8,5,
"2017-08-21 01:25:00-07",3.45,65.36,11,1.55,70.08,12,0,71.2,5,
"2017-08-21 01:30:00-07",1.33,63.25,8,1.89,70.3,10,0,68,3,
"2017-08-21 01:35:00-07",2.45,62.5,10,0.64,70.5,10,0.09,69.67,3,
"2017-08-21 01:40:00-07",0.71,62.4,5,0.86,71.92,12,0,71,1,
"2017-08-21 01:45:00-07",0.64,62.5,4,0.09,72,3,0.18,73.67,6,
"2017-08-21 01:50:00-07",1.79,62.9,10,0.14,72.89,9,0,71,1,
"2017-08-21 01:55:00-07",1.64,60.25,8,0.18,75.4,10,0,,0,
"2017-08-21 02:00:00-07",1.57,64.76,17,0.71,70.2,10,0,64,2,
"2017-08-21 02:05:00-07",0.18,66,6,1.27,69.56,9,0,78.33,6,
"2017-08-21 02:10:00-07",1.64,51.88,8,0.36,70.13,8,0,81,2,
"2017-08-21 02:15:00-07",2,72.13,16,1.45,71.44,9,0,69.67,3,
"2017-08-21 02:20:00-07",1.57,62.73,11,0.86,69.8,15,0.21,75.57,7,
"2017-08-21 02:25:00-07",2.73,64.8,10,0.27,70,4,0,72,1,
"2017-08-21 02:30:00-07",2.21,62.67,9,1.57,71.35,17,0,72,7,
"2017-08-21 02:35:00-07",1.45,62.83,6,0.82,67.57,7,0.18,72.75,4,
"2017-08-21 02:40:00-07",0.71,66,3,0.43,71.13,8,0,84.33,3,
"2017-08-21 02:45:00-07",1.64,62,6,0,72,2,0.18,75,7,
"2017-08-21 02:50:00-07",1.21,60.5,6,0.86,66.82,11,0,65,2,
"2017-08-21 02:55:00-07",3.36,56.07,14,0.91,65.71,7,0,71,1,
"2017-08-21 03:00:00-07",1.43,64.25,8,0.57,68.5,12,0.14,70.57,7,
"2017-08-21 03:05:00-07",4,62.5,14,1.09,67.4,10,0.09,75,2,
"2017-08-21 03:10:00-07",2.64,58.26,19,1.86,67.38,13,0,82,2,
"2017-08-21 03:15:00-07",3.82,63.2,15,0.91,67.56,9,0.09,73,4,
"2017-08-21 03:20:00-07",1.5,58.79,14,0.64,71.56,16,0.14,75.17,6,
"2017-08-21 03:25:00-07",2.55,64.56,16,0.55,71.27,11,0.18,71.4,5,
"2017-08-21 03:30:00-07",2.71,65.16,19,0.64,70.45,11,0,70,2,
"2017-08-21 03:35:00-07",2.27,62.3,10,0.36,73.44,9,0,76,2,
"2017-08-21 03:40:00-07",2.71,60.46,13,1.57,70.58,19,0.14,72,4,
"2017-08-21 03:45:00-07",2.27,60.94,17,2.09,69.28,18,0.18,75.57,7,
"2017-08-21 03:50:00-07",3.86,58.28,18,1.43,70,23,0.43,74.73,11,
"2017-08-21 03:55:00-07",4.18,63.6,15,1.91,68.47,19,0.36,72.44,9,
"2017-08-21 04:00:00-07",1.79,61.92,12,3.07,70.61,33,0,70,4,
"2017-08-21 04:05:00-07",1.27,58.55,11,0.82,70.47,17,0.09,75.6,5,
"2017-08-21 04:10:00-07",3,63.29,17,0.93,72.65,20,0,71.67,3,
"2017-08-21 04:15:00-07",2.18,57.43,14,2,70.58,24,0.27,77,8,
"2017-08-21 04:20:00-07",3.5,66.1,29,3.5,71.38,40,0.14,74.33,9,
"2017-08-21 04:25:00-07",2.55,64,17,2.82,68.32,31,0.27,74.2,10,
"2017-08-21 04:30:00-07",3.63,67.08,12,3.88,70.66,29,1.25,76.06,16,
"2017-08-21 04:35:00-07",2.36,64,12,1.91,71.83,30,1.55,74.17,23,
"2017-08-21 04:40:00-07",3.21,66.62,26,2.5,72.45,38,0.21,68,16,
"2017-08-21 04:45:00-07",3.18,62.68,22,3.27,70.86,28,0.82,74.06,17,
"2017-08-21 04:50:00-07",2.57,65.83,23,2.14,71.67,30,0.43,73,10,
"2017-08-21 04:55:00-07",4.64,63.11,28,3.09,71.63,32,1.18,71.43,21,
"2017-08-21 05:00:00-07",3.79,61.44,25,4.64,72.05,44,0.86,76.5,22,
"2017-08-21 05:05:00-07",4.73,63.2,25,3,71.39,31,1.09,72.17,18,
"2017-08-21 05:10:00-07",3.64,64.33,21,2.93,71.75,40,1.43,74.55,33,
"2017-08-21 05:15:00-07",1.82,64.53,19,4.55,68.68,44,1,74.82,22,
"2017-08-21 05:20:00-07",4.79,64.38,32,3.29,71.14,35,2.14,70.55,33,
"2017-08-21 05:25:00-07",2.36,65.28,18,5.36,68.21,43,1.27,76.18,22,
"2017-08-21 05:30:00-07",3.14,64.94,34,4,70.33,57,1.79,75.42,38,
"2017-08-21 05:35:00-07",2.33,64.86,7,3.83,69.63,19,1.17,73.18,11,
"2017-08-21 05:40:00-07",6.57,64.27,44,5.86,65.76,45,2.86,73.51,55,
"2017-08-21 05:45:00-07",6.91,61.46,28,3.27,68.57,35,1.55,75.83,30,
"2017-08-21 05:50:00-07",4.42,62.26,31,3.33,69.34,44,1,74.04,23,
"2017-08-21 05:55:00-07",5.36,61.19,27,3.82,70.51,41,1.73,71.85,26,
"2017-08-21 06:00:00-07",5.57,63.24,46,4.29,70.3,57,2.57,74.36,50,
"2017-08-21 06:05:00-07",4.64,66.31,35,5.18,70.89,46,2,71.31,29,
"2017-08-21 06:10:00-07",5.79,65.67,51,3.07,71,47,1.71,73.09,34,
"2017-08-21 06:15:00-07",8.18,65.74,50,7.55,66.85,41,5.27,71.13,60,
"2017-08-21 06:20:00-07",7.07,63.25,40,6,67.79,68,3.64,72.24,63,
"2017-08-21 06:25:00-07",5.64,67.84,38,6.09,70.85,59,3.55,75.17,46,
"2017-08-21 06:30:00-07",6.64,64.1,49,5.14,70.1,68,3.14,72.67,51,
"2017-08-21 06:35:00-07",6.91,64.36,44,5,69.73,52,2.91,72.34,41,
"2017-08-21 06:40:00-07",3.14,61.2,25,6,69.57,70,2.79,72.72,46,
"2017-08-21 06:45:00-07",5.55,65.45,31,4.45,70.87,46,1.36,74.42,24,
"2017-08-21 06:50:00-07",6.43,64.51,43,4.14,67.73,56,1.36,71.4,30,
"2017-08-21 06:55:00-07",4,46.97,31,6,67.96,46,0.82,72,20,
"2017-08-21 07:00:00-07",4.93,66.87,46,4.36,69.26,50,1.86,72,34,
"2017-08-21 07:05:00-07",7,64.47,45,4.09,68.27,44,0.73,71.13,16,
"2017-08-21 07:10:00-07",5.64,64.77,44,6.07,68.87,55,0.93,74.93,29,
"2017-08-21 07:15:00-07",5.18,64.63,27,5,70.79,38,2,72.77,31,
"2017-08-21 07:20:00-07",4.36,57.47,34,3.57,70.5,46,1.5,75.06,31,
"2017-08-21 07:25:00-07",5.18,61.53,34,3.36,68.42,36,0.09,75.67,12,
"2017-08-21 07:30:00-07",6.29,60.79,48,4.29,69.6,50,2.07,72.85,40,
"2017-08-21 07:35:00-07",4.45,67.78,32,3.73,72.73,44,1.45,76.68,28,
"2017-08-21 07:40:00-07",5.43,60.33,40,2.71,68.47,47,2,74.48,40,
"2017-08-21 07:45:00-07",3.27,64.77,31,3.27,71.36,36,1,78.35,26,
"2017-08-21 07:50:00-07",3.71,63.08,38,2.36,70.92,39,0.36,75.21,14,
"2017-08-21 07:55:00-07",3.82,63.68,22,3.73,72.71,34,1.09,74.68,22,
"2017-08-21 08:00:00-07",3.21,62.68,31,2.86,70.94,47,1.5,75.77,30,
"2017-08-21 08:05:00-07",4.64,61.29,31,5.36,69.06,34,1.91,72.97,30,
"2017-08-21 08:10:00-07",4.29,65.07,27,2.36,70.61,31,0.71,68.83,12,
"2017-08-21 08:15:00-07",4.36,64.87,23,4.18,70.61,36,0.64,74.74,19,
"2017-08-21 08:20:00-07",3.86,65.32,31,2.07,72.42,31,0.57,73.69,16,
"2017-08-21 08:25:00-07",1.82,65.71,17,4.27,67.97,31,0.73,76.81,16,
"2017-08-21 08:30:00-07",3.63,63.95,20,3.63,69.54,26,1,72.79,14,
"2017-08-21 08:35:00-07",2.09,64.73,22,2.36,70.79,24,0.73,74.56,18,
"2017-08-21 08:40:00-07",2.64,60.67,27,2.86,71.45,38,0.93,74.67,15,
"2017-08-21 08:45:00-07",4.36,56.9,20,2.27,70.93,28,0.45,75.58,12,
"2017-08-21 08:50:00-07",5.14,66.25,40,3.07,72.08,36,0.29,72.36,14,
"2017-08-21 08:55:00-07",1.64,67.64,11,1.09,61.76,17,0.18,79.14,7,
"2017-08-21 09:00:00-07",3.5,62.59,22,2.43,70.55,31,0.07,78.67,12,
"2017-08-21 09:05:00-07",5.73,65.07,27,1.55,71.45,22,0.64,72.13,16,
"2017-08-21 09:10:00-07",5.75,55.84,19,2.38,69.27,15,0.25,72.57,7,
"2017-08-21 09:15:00-07",4.55,58.61,31,1.91,56.48,21,0.45,71.4,10,
"2017-08-21 09:20:00-07",4.5,66.89,36,3.93,70,43,0.43,73.92,13,
"2017-08-21 09:25:00-07",4.82,64.31,29,0.73,58.91,11,0,74.6,5,
"2017-08-21 09:30:00-07",2.71,64.89,27,2.64,65.24,41,0.71,76.76,21,
"2017-08-21 09:35:00-07",6.2,64.83,12,0.6,67,2,0.2,77,2,
"2017-08-21 09:40:00-07",4.43,63.61,31,4.29,70.18,40,0,74.27,11,
"2017-08-21 09:45:00-07",3.91,65.15,20,2.64,69.2,20,0.27,72,8,
"2017-08-21 09:50:00-07",3.71,62.7,20,1.5,68.47,17,0,78.57,7,
"2017-08-21 09:55:00-07",3.36,55.74,23,1.91,73.45,20,0,76.2,5,
"2017-08-21 10:00:00-07",2.21,64.55,20,4.29,68,24,0.5,72.67,12,
"2017-08-21 10:05:00-07",1.45,64.8,10,1.45,68.71,14,0.27,73.57,7,
"2017-08-21 10:10:00-07",3.71,60.35,20,1.14,69.61,18,0,69.25,4,
"2017-08-21 10:15:00-07",1.36,67.55,11,1.64,68.4,15,0,79,2,
"2017-08-21 10:20:00-07",2.43,64.67,18,1.57,70.69,16,0,74,6,
"2017-08-21 10:25:00-07",4.91,66.42,38,6,70.71,59,3.82,71.4,53,
"2017-08-21 10:30:00-07",8.07,63.2,81,10.14,67.21,117,8.93,67.78,138,
"2017-08-21 10:35:00-07",15.73,54.71,96,13.27,60.36,106,13.91,60.91,137,
"2017-08-21 10:40:00-07",21.71,35.94,119,19.93,32.53,115,21.71,32.09,134,
"2017-08-21 10:45:00-07",21,30.03,92,21.18,30.09,85,19.18,33.12,101,
"2017-08-21 10:50:00-07",15.86,37.71,92,15.57,39.42,115,13.14,41.22,117,
"2017-08-21 10:55:00-07",14.27,40.76,71,14.55,41.43,81,13.27,43.07,97,
"2017-08-21 11:00:00-07",11.63,44.03,60,13.75,44.61,66,15,45.18,82,
"2017-08-21 11:05:00-07",13.55,39.92,74,14.27,40.79,82,13.18,43.72,99,
"2017-08-21 11:10:00-07",17.93,38.13,121,14.64,38.75,109,16.57,34.5,109,
"2017-08-21 11:15:00-07",44.5,13.09,33,32.17,17.05,42,26.33,17.5,44,
"2017-08-21 11:20:00-07",33.38,17.48,50,31.38,16.34,53,20.75,23.03,59,
"2017-08-21 11:25:00-07",35.73,16.32,77,26.27,19.74,76,23.18,20.73,82,
"2017-08-21 11:30:00-07",29.36,17.08,89,32,17.95,99,26.07,19.13,99,
"2017-08-21 11:35:00-07",26.09,20.88,80,23.18,22.52,81,21.82,24.19,84,
"2017-08-21 11:40:00-07",27,20.56,81,26.92,21.48,96,21.42,23.57,88,
"2017-08-21 11:45:00-07",37.36,12.41,59,34.55,12.99,68,25.64,17.26,72,
"2017-08-21 11:50:00-07",38.88,13.04,46,31.88,16.21,56,26.5,18.83,53,
"2017-08-21 11:55:00-07",27.45,18.68,75,26.09,21.04,77,21,23.39,76,
"2017-08-21 12:00:00-07",42.43,10.76,74,36.93,12.87,92,30.79,13.82,92,
"2017-08-21 12:05:00-07",36.09,13.12,60,26.55,16.69,67,32.64,15.54,74,
"2017-08-21 12:10:00-07",38.43,10.25,68,40.64,10.23,77,38.86,11.22,87,
"2017-08-21 12:15:00-07",36.18,9.7,50,35.91,11.67,60,31.64,11.66,59,
"2017-08-21 12:20:00-07",45.07,7.84,56,36.64,11.31,75,32.14,13.29,86,
"2017-08-21 12:25:00-07",34.36,14.28,68,31.09,17.16,73,24.73,21.1,81,
"2017-08-21 12:30:00-07",31.57,16.53,95,37.93,13.9,86,27.14,16.13,93,
"2017-08-21 12:35:00-07",28.45,20.85,87,19,23.1,67,20.55,25.13,86,
"2017-08-21 12:40:00-07",35.07,15.42,101,31,18.14,99,24.07,19.73,97,
"2017-08-21 12:45:00-07",34.55,14.57,70,28.73,17.17,64,26.73,18.83,71,
"2017-08-21 12:50:00-07",33.64,17.04,90,28.86,21.29,103,23,22.95,106,
"2017-08-21 12:55:00-07",25.73,22.94,71,21.91,25.15,79,19.45,27.28,86,
"2017-08-21 13:00:00-07",37.21,13.94,80,35.5,16.08,92,24.71,18.47,98,
"2017-08-21 13:05:00-07",34.09,17.25,81,29.82,19.01,75,21.55,20.66,76,
"2017-08-21 13:10:00-07",29.93,17.3,97,26.57,19.85,99,23.07,21.08,101,
"2017-08-21 13:15:00-07",33.64,17.09,80,25.36,21.01,73,24,21.61,83,
"2017-08-21 13:20:00-07",33.64,16.93,95,27.43,19.52,96,21.57,22.11,101,
"2017-08-21 13:25:00-07",32.36,14.74,73,28.73,19.19,80,20.82,23.05,77,
"2017-08-21 13:30:00-07",34.21,17.01,95,27.21,18.65,92,22.5,20.02,97,
"2017-08-21 13:35:00-07",30.91,16.21,77,34.55,17.28,81,25.91,19.82,74,
"2017-08-21 13:40:00-07",26.63,17,46,27.5,18.04,49,27.38,16.58,53,
"2017-08-21 13:45:00-07",26.64,20.94,79,26.36,23.46,92,19.64,26.06,83,
"2017-08-21 13:50:00-07",30.07,19.29,96,28.64,21.52,99,24.86,22.76,119,
"2017-08-21 13:55:00-07",27.73,22.34,73,28.45,20.11,72,21.36,23.02,84,
"2017-08-21 14:00:00-07",39.93,14.2,84,34.14,15.82,93,28.64,18.85,97,
"2017-08-21 14:05:00-07",31.36,16.33,73,27,20.09,78,22.73,19.82,76,
"2017-08-21 14:10:00-07",30.57,19.18,103,26.57,21.23,104,21.86,22.33,101,
"2017-08-21 14:15:00-07",33.91,14.35,71,26,17.18,68,25.09,18,70,
"2017-08-21 14:20:00-07",30.64,16.55,74,33.36,13.53,81,23.57,19.17,95,
"2017-08-21 14:25:00-07",32.55,16.27,73,29.82,18.72,78,23.55,19.11,74,
"2017-08-21 14:30:00-07",34.07,15.13,90,28.71,18.89,93,24.5,19.91,103,
"2017-08-21 14:35:00-07",33.64,13.88,65,36.36,14.38,74,33,14.39,72,
"2017-08-21 14:40:00-07",41,9.24,34,40,11.39,46,25.25,14.14,43,
"2017-08-21 14:45:00-07",38.27,11.3,47,33.27,15.59,66,30,15.74,70,
"2017-08-21 14:50:00-07",39.57,10.92,72,37,13.54,84,27.71,15.15,84,
"2017-08-21 14:55:00-07",39.09,10.67,61,34,12.3,66,32.64,12.89,72,
"2017-08-21 15:00:00-07",27.71,17.96,84,31.29,17.74,92,25.36,19.51,90,
"2017-08-21 15:05:00-07",20.09,26.7,80,19.64,26.29,68,20.55,27.24,85,
"2017-08-21 15:10:00-07",28.57,19.03,97,27.21,20.22,97,23.21,20.77,97,
"2017-08-21 15:15:00-07",35,17.19,81,26,21,76,22.18,21.79,78,
"2017-08-21 15:20:00-07",33.93,18.32,104,26.36,22.52,101,20.64,24.55,95,
"2017-08-21 15:25:00-07",36.82,14.39,66,36.27,16.14,74,25.73,20.64,78,
"2017-08-21 15:30:00-07",31.86,14.64,78,32.64,16.68,88,24.43,19.4,97,
"2017-08-21 15:35:00-07",31.64,13.8,60,35.64,16.87,60,25.91,18.92,75,
"2017-08-21 15:40:00-07",39,15.45,53,33.25,14.46,50,32.5,15.33,51,
"2017-08-21 15:45:00-07",30.91,17.82,72,28.09,18.88,82,26.18,20.96,90,
"2017-08-21 15:50:00-07",29.21,19.15,99,21.21,23.8,94,23.29,23.5,100,
"2017-08-21 15:55:00-07",34.36,16.06,72,30.45,17.24,76,26.64,17.94,77,
"2017-08-21 16:00:00-07",33,16.95,85,29.36,18,84,21.71,21.36,90,
"2017-08-21 16:05:00-07",35.55,14.95,76,27.64,16.5,68,28.27,18.04,77,
"2017-08-21 16:10:00-07",35.29,17.11,94,28,20.14,90,27.86,19.16,112,
"2017-08-21 16:15:00-07",31.73,19.59,74,24.73,23.38,84,24.18,22.99,87,
"2017-08-21 16:20:00-07",30.43,15.82,89,38.86,14.72,85,32,16.68,96,
"2017-08-21 16:25:00-07",34.82,16.04,74,34,17.35,83,29.73,19.77,83,
"2017-08-21 16:30:00-07",30.29,14.21,85,31.64,16.97,86,27.36,18.42,95,
"2017-08-21 16:35:00-07",34.45,16.91,77,29.91,19.97,77,18.55,22.91,70,
"2017-08-21 16:40:00-07",28.36,21.19,91,23.5,23.58,98,21,26.6,120,
"2017-08-21 16:45:00-07",38.64,13.34,65,28.91,18.23,75,26.91,17.51,79,
"2017-08-21 16:50:00-07",34.43,13.74,68,29.93,16.83,90,28.29,19.31,97,
"2017-08-21 16:55:00-07",30.64,16.86,71,31.82,18.01,80,23.91,19.69,75,
"2017-08-21 17:00:00-07",38.64,15.18,77,28.21,19.24,95,23.79,20.83,94,
"2017-08-21 17:05:00-07",32.45,15.73,74,29.91,18.97,74,24.36,21.8,85,
"2017-08-21 17:10:00-07",30.29,19.4,94,27.57,21.02,84,23.57,23.23,99,
"2017-08-21 17:15:00-07",25.91,21.63,63,25,24.54,79,21.45,24.05,82,
"2017-08-21 17:20:00-07",35.79,15.02,95,32.79,17.49,94,24.43,22.6,112,
"2017-08-21 17:25:00-07",31.73,15.14,70,30.36,20.45,76,23.55,21.67,78,
"2017-08-21 17:30:00-07",40.64,14.01,84,32.79,17.68,95,25.14,21.94,117,
"2017-08-21 17:35:00-07",38.45,11.4,57,33.64,14.41,66,28.73,18.03,76,
"2017-08-21 17:40:00-07",37.57,14.26,68,32.29,18.55,94,25.14,20.29,98,
"2017-08-21 17:45:00-07",28.36,25.13,92,17.18,31.46,74,16.18,34.96,89,
"2017-08-21 17:50:00-07",28.57,18.56,90,34.43,20.17,92,23.86,24.46,92,
"2017-08-21 17:55:00-07",34.45,16.81,74,31.27,17.52,77,22.73,21.12,75,
"2017-08-21 18:00:00-07",41.5,11.75,87,29.14,16.78,89,30.57,17.32,85,
"2017-08-21 18:05:00-07",30,18.46,63,31.36,19.28,79,27.82,19.63,86,
"2017-08-21 18:10:00-07",37.64,16.44,86,30.43,18.42,89,27.79,21.58,105,
"2017-08-21 18:15:00-07",32.27,18.76,79,28.64,23.12,74,21.27,26.48,87,
"2017-08-21 18:20:00-07",38.29,15.33,87,33.36,17.67,92,25.07,19.59,106,
"2017-08-21 18:25:00-07",34.36,15.74,53,37.36,15.73,78,20.73,21.39,71,
"2017-08-21 18:30:00-07",31.57,16.4,90,33.21,16.52,93,28.36,18.98,105,
"2017-08-21 18:35:00-07",38.18,15.74,69,22.82,19.99,71,23.27,20.89,83,
"2017-08-21 18:40:00-07",28.29,23.29,95,27.07,24.53,111,20.29,26.18,101,
"2017-08-21 18:45:00-07",39.18,14.37,67,34.64,16,64,23.64,21.4,84,
"2017-08-21 18:50:00-07",34.36,18.78,90,23.5,20.2,80,22.93,22.9,101,
"2017-08-21 18:55:00-07",27,17.14,59,25.36,20.29,69,25,21.64,90,
"2017-08-21 19:00:00-07",32.71,15.82,89,29.93,19.21,94,22.93,21.4,105,
"2017-08-21 19:05:00-07",31.82,17.58,76,28.82,20.99,76,22.55,22.68,81,
"2017-08-21 19:10:00-07",33.21,19.62,94,22.43,24.02,89,19.57,24.86,106,
"2017-08-21 19:15:00-07",30.45,18.46,57,32,21.9,77,22.91,22.64,85,
"2017-08-21 19:20:00-07",35.36,14.57,84,27.07,18.82,89,23.29,19.6,90,
"2017-08-21 19:25:00-07",33.27,15.78,64,29.55,19.8,70,21.18,19.58,73,
"2017-08-21 19:30:00-07",26.36,22.82,97,26.36,24.16,99,18.93,26.53,104,
"2017-08-21 19:35:00-07",33.82,15.48,62,36.27,18.04,68,21.82,20.27,73,
"2017-08-21 19:40:00-07",34.86,17.5,82,31.07,17.33,82,29.36,18.08,105,
"2017-08-21 19:45:00-07",31.33,16.7,33,33.5,18.59,39,27,19.68,41,
"2017-08-21 19:50:00-07",33.57,20.75,88,28.36,21.36,78,21.21,23.08,101,
"2017-08-21 19:55:00-07",32.09,19.48,66,24.82,23.94,68,18.64,24.64,75,
"2017-08-21 20:00:00-07",36.14,16.83,77,29.86,20.69,84,21.07,22.98,100,
"2017-08-21 20:05:00-07",39.45,14.53,60,34.45,14.01,68,26.91,17.49,73,
"2017-08-21 20:10:00-07",25.21,24.67,85,26.07,27.48,88,17.64,29.02,104,
"2017-08-21 20:15:00-07",37.27,16.12,66,29,18.84,64,25.73,18.83,80,
"2017-08-21 20:20:00-07",31,20.04,97,30.07,21.35,98,23.29,22.9,106,
"2017-08-21 20:25:00-07",27.09,22.57,68,21.45,27.41,75,17.64,30.46,85,
"2017-08-21 20:30:00-07",28.71,19.7,86,27.71,20.88,95,23.21,20.16,102,
"2017-08-21 20:35:00-07",38.18,16.59,63,24,21.61,77,21.36,23.02,81,
"2017-08-21 20:40:00-07",35.21,18.29,94,32.14,20.12,94,19.14,23.39,100,
"2017-08-21 20:45:00-07",29.64,17.68,59,32.18,19.35,72,22.27,21.35,78,
"2017-08-21 20:50:00-07",40.21,12.42,69,40.5,14.7,81,29.29,15.86,94,
"2017-08-21 20:55:00-07",35.91,14.96,55,37.64,14.86,71,27.64,16.41,73,
"2017-08-21 21:00:00-07",34,20.35,95,26.07,24.4,95,17.07,26.4,96,
"2017-08-21 21:05:00-07",23.27,30.56,63,20.27,31.28,81,18.27,29.47,90,
"2017-08-21 21:10:00-07",35.21,18.1,99,29.86,20.75,85,20.71,24.65,107,
"2017-08-21 21:15:00-07",38.45,16.13,60,33.45,17.69,75,26.55,17.99,77,
"2017-08-21 21:20:00-07",29.71,21.99,107,26.14,22.51,98,19.36,24.88,104,
"2017-08-21 21:25:00-07",36,19.51,70,29.64,20.27,67,20.09,23.9,80,
"2017-08-21 21:30:00-07",35.79,18.95,65,32,19.26,102,20.64,22.22,97,
"2017-08-21 21:35:00-07",22,26.48,62,23.18,25.07,75,20.73,26.63,86,
"2017-08-21 21:40:00-07",31.13,24.05,58,21.5,24.73,52,19.88,27.22,64,
"2017-08-21 21:45:00-07",38.18,14.61,49,23.09,19.18,67,22.64,20.58,81,
"2017-08-21 21:50:00-07",37.21,15.04,81,28.86,19.2,87,25.5,20.88,109,
"2017-08-21 21:55:00-07",37.36,19.72,76,27.18,23.75,71,24,25.13,97,
"2017-08-21 22:00:00-07",20,31,81,19.36,32.68,115,17.5,34.58,123,
"2017-08-21 22:05:00-07",24.91,26.84,51,20.09,25.22,69,19.82,26.02,82,
"2017-08-21 22:10:00-07",6.57,61.18,56,5.36,66.34,59,3.43,71.73,63,
"2017-08-21 22:15:00-07",5.36,64.09,33,4.64,67.85,53,3.73,72.42,52,
"2017-08-21 22:20:00-07",4.93,64.82,50,5.79,68.48,71,3.43,71.4,58,
"2017-08-21 22:25:00-07",4.55,61.71,38,5.18,68.61,54,4,70.45,53,
"2017-08-21 22:30:00-07",3.36,65.71,28,3.57,68.28,47,1.64,73,35,
"2017-08-21 22:35:00-07",3.18,62.54,24,4.36,67.59,44,2.18,71.7,33,
"2017-08-21 22:40:00-07",2.86,60,27,3.86,68.9,51,1.5,71.42,31,
"2017-08-21 22:45:00-07",2.82,57.91,23,4.73,69.79,42,2.64,71.14,37,
"2017-08-21 22:50:00-07",4.36,62.46,26,5.21,69.57,53,1.07,72.57,28,
"2017-08-21 22:55:00-07",4.45,62.8,25,3.82,71.25,44,1.45,73.5,28,
"2017-08-21 23:00:00-07",3.86,62.31,29,2.21,70.34,41,0.93,72.67,24,
"2017-08-21 23:05:00-07",3.36,65.53,17,4.09,67.45,33,2.64,73.51,37,
"2017-08-21 23:10:00-07",4.36,61.64,28,3.14,70.09,53,1.36,73.27,33,
"2017-08-21 23:15:00-07",3.45,62.81,21,2.36,70.71,21,0.18,73,5,
"2017-08-21 23:20:00-07",3,65.09,23,2.86,66.08,37,1.5,71.15,33,
"2017-08-21 23:25:00-07",5.64,60.86,21,3,69.29,28,1,73.67,15,
"2017-08-21 23:30:00-07",6.43,63.49,35,1.93,70.33,33,0.86,73.36,22,
"2017-08-21 23:35:00-07",1.27,70.71,14,1.55,70.73,22,0.09,32.86,7,
"2017-08-21 23:40:00-07",3.14,59.11,27,3.36,71.33,48,0.86,74.59,22,
"2017-08-21 23:45:00-07",1.91,55.42,12,1,68.82,17,0.27,75.54,13,
"2017-08-21 23:50:00-07",1.71,65,22,5.14,66.88,49,0.86,70.76,21,
"2017-08-21 23:55:00-07",1.36,66.13,8,1.55,71.36,14,0.27,70.27,11,
"2017-08-22 00:00:00-07",2,62.45,22,1.54,68.59,17,0.23,76.71,7,
"2017-08-22 00:05:00-07",1.4,56.63,8,0.8,69.36,11,0.7,74.69,13,
"2017-08-22 00:10:00-07",0.86,67.29,14,1.43,73.79,29,0,69.2,5,
"2017-08-22 00:15:00-07",3.82,61.47,17,1.18,74.35,17,0.27,71.09,11,
"2017-08-22 00:20:00-07",2.86,62,20,1.5,70.95,21,0.36,68.25,8,
"2017-08-22 00:25:00-07",2,63.15,13,1.36,69.78,18,0.18,71,3,
"2017-08-22 00:30:00-07",3,62.67,15,0.5,60.42,12,0.07,91.33,3,
"2017-08-22 00:35:00-07",2.18,65.88,16,1.55,72,10,0.36,73.55,11,
"2017-08-22 00:40:00-07",2.43,62.67,12,1.5,70.95,21,0,77.25,4,
"2017-08-22 00:45:00-07",0.27,58.6,5,1.27,67.82,11,0,68.75,4,
"2017-08-22 00:50:00-07",3.43,63.67,15,0.43,69.83,6,0.07,71.57,7,
"2017-08-22 00:55:00-07",1.45,64.13,8,0.64,70.38,8,0.09,75,6,
"2017-08-22 01:00:00-07",1.43,61.25,12,0.64,72,12,0,79,3,
"2017-08-22 01:05:00-07",3.64,60.62,13,1.82,68.24,17,0.18,70.33,6,
"2017-08-22 01:10:00-07",3,65,14,0.64,71.5,16,0,70,2,
"2017-08-22 01:15:00-07",2.55,63,8,0.64,67.2,5,0,65,1,
"2017-08-22 01:20:00-07",1.86,64.67,12,0.71,59.38,13,0,74.67,3,
"2017-08-22 01:25:00-07",1.09,59.6,5,1.73,67.18,17,0.18,71,4,
"2017-08-22 01:30:00-07",4.63,67.82,17,0.75,69.44,9,0,69,1,
"2017-08-22 01:35:00-07",2.36,61.25,8,0.64,65.33,9,0,73,3,
"2017-08-22 01:40:00-07",2.71,65.16,19,0.43,73,9,0,,0,
"2017-08-22 01:45:00-07",2.91,64.83,12,0.45,68.17,6,0.09,75,1,
"2017-08-22 01:50:00-07",1,61.14,7,2.25,67.89,18,0,72,1,
"2017-08-22 01:55:00-07",0.64,57.4,10,1.45,68,8,0,72,2,
"2017-08-22 02:00:00-07",3.79,64.63,16,1.07,72.37,19,0.07,77.67,6,
"2017-08-22 02:05:00-07",4.36,62.86,14,0,71.4,5,0,74,1,
"2017-08-22 02:10:00-07",3.57,56.33,18,1.64,66.92,13,0.29,71.2,10,
"2017-08-22 02:15:00-07",4,64.71,14,0.55,76,2,0.18,52.75,8,
"2017-08-22 02:20:00-07",2.86,65.14,21,0.64,71.64,14,0.21,74,6,
"2017-08-22 02:25:00-07",0.18,60,4,0.45,75,7,0,54,3,
"2017-08-22 02:30:00-07",5.5,61.21,19,1.5,67.88,16,0.14,73.5,8,
"2017-08-22 02:35:00-07",2,64.88,8,1.45,70.88,16,0,,0,
"2017-08-22 02:40:00-07",2.14,55.31,13,1.21,74.13,16,0,75.33,3,
"2017-08-22 02:45:00-07",3.27,51.1,10,0.55,48.75,8,0,,0,
"2017-08-22 02:50:00-07",1.5,57.65,20,0.93,72,14,0.29,79.6,10,
"2017-08-22 02:55:00-07",2.55,71,10,0.91,67.82,11,0,69,2,
"2017-08-22 03:00:00-07",3.36,60.26,23,2.43,68.38,29,0,71,2,
"2017-08-22 03:05:00-07",2.09,60.55,11,0.55,70.5,12,0.09,78,3,
"2017-08-22 03:10:00-07",2.71,61.9,10,1.43,71.84,19,0.07,78.6,5,
"2017-08-22 03:15:00-07",1.73,59.86,14,2.45,68.83,18,0.09,68.67,6,
"2017-08-22 03:20:00-07",3.86,61.33,15,0.79,68.33,15,0.07,73.57,7,
"2017-08-22 03:25:00-07",4.73,59.33,18,1.73,70.78,23,0.27,74.3,10,
"2017-08-22 03:30:00-07",5.5,62,23,2.64,69.54,26,0.07,73.4,5,
"2017-08-22 03:35:00-07",3.18,64.29,14,2.18,69.84,31,0.27,72.5,8,
"2017-08-22 03:40:00-07",2.79,65.32,25,2.93,70.38,32,0.29,75.2,10,
"2017-08-22 03:45:00-07",2.73,64.7,10,3.18,63.45,22,0.36,74.92,13,
"2017-08-22 03:50:00-07",2.79,61.36,14,2.64,69.58,33,0.43,74.45,11,
"2017-08-22 03:55:00-07",3.91,63.94,18,2.36,71.89,18,0.27,71.91,11,
"2017-08-22 04:00:00-07",4.43,63.75,24,2,68.38,24,0.36,73.36,11,
"2017-08-22 04:05:00-07",3.45,67.65,17,1.73,71.41,27,1.27,74.61,23,
"2017-08-22 04:10:00-07",3.71,63.25,24,4.14,70.83,47,0.79,76.45,22,
"2017-08-22 04:15:00-07",6.64,62.92,24,1.82,69.73,26,1,76.18,22,
"2017-08-22 04:20:00-07",6.43,64.96,45,3.79,69.18,38,0.86,73.83,23,
"2017-08-22 04:25:00-07",4.27,67,31,5.09,71.13,46,1.91,74.55,33,
"2017-08-22 04:30:00-07",7,58.46,41,5.21,69.28,67,4,73.64,64,
"2017-08-22 04:35:00-07",3.55,64.26,31,5.91,70.43,53,3.27,75.37,46,
"2017-08-22 04:40:00-07",6.5,60,39,7.29,70.45,82,3.64,75.1,60,
"2017-08-22 04:45:00-07",7.45,61.34,32,7.18,69.07,59,5.36,71.46,68,
"2017-08-22 04:50:00-07",3.93,65.61,33,3.57,70,47,3.14,76.88,58,
"2017-08-22 04:55:00-07",7,61.06,31,6.36,69.41,58,6.27,73.9,79,
"2017-08-22 05:00:00-07",5.36,63.8,40,5.43,68.68,56,5.79,74.72,96,
"2017-08-22 05:05:00-07",8,62.49,41,8.36,68.62,65,8.36,72.14,108,
"2017-08-22 05:10:00-07",6.93,64.59,54,8.64,69.32,81,5.86,73.32,95,
"2017-08-22 05:15:00-07",5.55,67,37,5.45,70.03,62,7.91,73.33,96,
"2017-08-22 05:20:00-07",7.36,64.68,65,9.5,69.25,91,7.79,73.25,120,
"2017-08-22 05:25:00-07",8.09,65.23,43,7.45,69.42,67,7.45,72.84,91,
"2017-08-22 05:30:00-07",10.29,59.27,81,10.07,65.84,110,10.43,70.81,154,
"2017-08-22 05:35:00-07",11.73,58.72,65,11.45,66.91,103,11.27,70.98,128,
"2017-08-22 05:40:00-07",9.43,63.7,73,12.79,66.77,137,11.14,70.79,170,
"2017-08-22 05:45:00-07",10.55,60.46,59,10.82,64.68,98,13,67.51,143,
"2017-08-22 05:50:00-07",7.29,64.12,59,10.71,67.87,124,9.64,70.34,144,
"2017-08-22 05:55:00-07",9.91,62.23,60,10.45,65.31,84,7.82,71.59,94,
"2017-08-22 06:00:00-07",10.79,54.67,83,12.5,64.55,119,12.43,68.75,177,
"2017-08-22 06:05:00-07",9.55,61.89,64,13.27,64.29,112,12.18,66.39,136,
"2017-08-22 06:10:00-07",11,60.21,104,14.57,63.14,140,13.21,67.4,184,
"2017-08-22 06:15:00-07",16.45,60.48,111,12.55,63.34,101,12,65.24,126,
"2017-08-22 06:20:00-07",13.86,60.28,88,13.21,63.58,126,12.71,66.04,166,
"2017-08-22 06:25:00-07",17.09,54.65,105,15.82,59.01,103,11.36,61.26,117,
"2017-08-22 06:30:00-07",13.07,58.69,117,12.43,60.85,123,11.43,62.38,150,
"2017-08-22 06:35:00-07",17.09,52.79,114,15.82,58.56,108,14.82,58.36,138,
"2017-08-22 06:40:00-07",18.79,52.03,152,15.64,57.61,140,13.71,59.36,169,
"2017-08-22 06:45:00-07",13.27,54.5,92,11.64,60.79,102,12.91,63.79,136,
"2017-08-22 06:50:00-07",11.36,59.42,90,12.71,64.68,133,9.07,69.91,138,
"2017-08-22 06:55:00-07",11.27,60.39,71,10.82,66.17,99,11,68.85,124,
"2017-08-22 07:00:00-07",14,60.37,122,13.29,65.26,116,10.86,68.49,159,
"2017-08-22 07:05:00-07",9.27,62.73,59,11.09,66.61,70,10.64,68.1,127,
"2017-08-22 07:10:00-07",12.5,59.35,91,12.5,65.44,119,10.57,68.39,150,
"2017-08-22 07:15:00-07",13.27,58.58,74,10.09,67.34,74,10,70.81,115,
"2017-08-22 07:20:00-07",10.14,61.99,94,11.07,66.89,121,10.36,70.63,151,
"2017-08-22 07:25:00-07",13.27,59.62,94,12.27,66.58,97,11.82,69.39,139,
"2017-08-22 07:30:00-07",10.64,61.91,92,11.93,65.59,121,11.07,69.91,165,
"2017-08-22 07:35:00-07",10.82,59.04,77,14.27,63.44,107,9.64,67.71,111,
"2017-08-22 07:40:00-07",12.57,61.09,98,12.57,65.63,131,10.5,69.99,165,
"2017-08-22 07:45:00-07",15.27,58.04,94,13.09,66.14,101,10.91,66.94,127,
"2017-08-22 07:50:00-07",11.71,60.13,92,10.86,65.95,124,9.71,69.54,148,
"2017-08-22 07:55:00-07",11.45,60.14,74,11.27,66.25,89,7.18,71.98,92,
"2017-08-22 08:00:00-07",12,61.17,94,11.71,68.1,115,9.93,68.66,144,
"2017-08-22 08:05:00-07",9.91,61.07,75,11.55,68.11,72,7.27,69.67,90,
"2017-08-22 08:10:00-07",7.57,63.1,84,10.57,66.65,98,8.14,68.98,124,
"2017-08-22 08:15:00-07",12,60.64,70,11.09,62.52,87,10.82,57.78,99,
"2017-08-22 08:20:00-07",12.64,55.69,88,11.79,64.77,103,8.29,68.34,122,
"2017-08-22 08:25:00-07",13.18,57.8,92,12.45,64.12,86,9.73,70.12,114,
"2017-08-22 08:30:00-07",12.57,61.25,110,13.64,65.65,130,9.43,66.79,135,
"2017-08-22 08:35:00-07",10.36,60.65,81,10.73,66.66,88,7.64,67.39,88,
"2017-08-22 08:40:00-07",16.07,55.55,110,16.79,62.41,112,10.07,67.62,148,
"2017-08-22 08:45:00-07",11.82,60.6,85,14.09,64.37,99,11.82,65.98,125,
"2017-08-22 08:50:00-07",12.36,61.26,121,13.86,63.7,117,10.14,69.9,144,
"2017-08-22 08:55:00-07",12.64,61.11,84,13.09,65.36,97,9.45,68.57,111,
"2017-08-22 09:00:00-07",11.86,60.22,91,12.71,65.38,109,8.5,69.34,125,
"2017-08-22 09:05:00-07",10.82,59.47,66,13.55,63.6,78,9.36,68.67,111,
"2017-08-22 09:10:00-07",11.79,58.37,90,12.86,65.65,103,9.36,69.31,139,
"2017-08-22 09:15:00-07",12.27,58.08,76,14.91,64.36,85,9.36,69.49,106,
"2017-08-22 09:20:00-07",11.36,58.76,88,14.43,63.83,121,10,68.3,149,
"2017-08-22 09:25:00-07",13.18,59.49,81,11.73,64.69,91,10.18,67.48,114,
"2017-08-22 09:30:00-07",11.71,59.33,94,13.36,65.96,117,10.21,68.84,147,
"2017-08-22 09:35:00-07",14,60.64,87,16.36,63.79,112,11.45,67.19,132,
"2017-08-22 09:40:00-07",13.5,58.53,91,14,64,132,11.86,66.81,164,
"2017-08-22 09:45:00-07",13.55,58.77,84,14.55,63.59,99,11.82,66.19,127,
"2017-08-22 09:50:00-07",13.36,59.68,94,11.14,63.72,112,9.43,67.28,130,
"2017-08-22 09:55:00-07",12.73,53.78,77,15.64,57.54,87,11.45,58.09,94,
"2017-08-22 10:00:00-07",25.64,30.36,102,24.36,32.54,106,18.14,34.33,118,
"2017-08-22 10:05:00-07",28.36,31.05,84,23.73,35.04,92,19.45,38.28,119,
"2017-08-22 10:10:00-07",22.87,41.49,121,18.07,46.44,113,14.13,48.52,152,
"2017-08-22 10:15:00-07",36.23,19.59,83,31.31,22.67,84,24.77,24.44,108,
"2017-08-22 10:20:00-07",30.36,25.8,80,27,30.08,77,19.73,32.65,107,
"2017-08-22 10:25:00-07",28.27,30.73,99,18.09,36.95,82,15.73,41.01,102,
"2017-08-22 10:30:00-07",30.93,32.48,113,25.47,36.84,108,19.67,36.39,148,
"2017-08-22 10:35:00-07",31.23,25.46,96,23.69,30.58,106,18,35.02,120,
"2017-08-22 10:40:00-07",30.87,25.14,98,25.2,29.78,120,18.6,31.38,128,
"2017-08-22 10:45:00-07",30,26.44,50,22.25,32,60,16.75,34.52,69,
"2017-08-22 10:50:00-07",44.2,15.58,55,36.7,21.44,73,24.3,22.96,76,
"2017-08-22 10:55:00-07",34.5,18.86,77,29.21,21.66,86,22,25.92,118,
"2017-08-22 11:00:00-07",35.67,20.15,81,35.93,22.01,99,24.67,24.99,122,
"2017-08-22 11:05:00-07",33.15,22.09,82,28.69,26.6,92,19.54,30.15,110,
"2017-08-22 11:10:00-07",31.6,22.66,91,25.6,25.75,112,17.67,30.24,118,
"2017-08-22 11:15:00-07",41.25,17.56,54,29.88,22.54,59,25.75,23.94,69,
"2017-08-22 11:20:00-07",33.8,18.42,79,36.07,19.93,90,20.87,24.02,114,
"2017-08-22 11:25:00-07",33.5,23.29,92,27.79,24.49,82,23.64,27.34,122,
"2017-08-22 11:30:00-07",34,20.41,96,32.6,23.04,75,19.67,27.42,118,
"2017-08-22 11:35:00-07",36.38,20.91,92,26.92,23.39,82,21.23,26.22,103,
"2017-08-22 11:40:00-07",39.93,18.61,92,29.47,21.18,88,21.8,23,112,
"2017-08-22 11:45:00-07",31.62,26.6,97,27.92,29.11,92,16.08,33.96,108,
"2017-08-22 11:50:00-07",38.67,17.68,53,29.33,27,61,18.67,30.07,70,
"2017-08-22 11:55:00-07",37.75,19.68,44,29.38,24.86,56,20.38,27.24,67,
"2017-08-22 12:00:00-07",36.4,22.22,85,30.53,24.68,98,21.87,26.77,120,
"2017-08-22 12:05:00-07",34.07,20.52,94,33,24.76,90,20.64,26.05,109,
"2017-08-22 12:10:00-07",30.47,22.94,96,23.73,26.62,97,16.53,30.55,113,
"2017-08-22 12:15:00-07",36.69,19.91,88,31.38,22.79,77,20.92,25.32,102,
"2017-08-22 12:20:00-07",33.73,24.16,116,25.73,26.13,104,20.47,27.31,118,
"2017-08-22 12:25:00-07",34.62,16.59,78,33.46,17.83,87,23.54,21.91,95,
"2017-08-22 12:30:00-07",33.53,17.38,79,29.8,20.33,96,24.93,21.21,107,
"2017-08-22 12:35:00-07",33.31,21.33,78,26.92,25.36,86,18.23,28.78,100,
"2017-08-22 12:40:00-07",33.4,22.65,105,24.4,29.47,106,17.93,31.62,127,
"2017-08-22 12:45:00-07",35.46,20.37,87,30.08,24.77,87,23.38,25.08,110,
"2017-08-22 12:50:00-07",36.8,20.62,103,28.2,25.83,90,18.73,28.94,121,
"2017-08-22 12:55:00-07",33.54,25.53,87,21.15,30.74,86,15.85,32.05,103,
"2017-08-22 13:00:00-07",38.5,20.13,99,26.86,24.66,87,18.14,27.64,100,
"2017-08-22 13:05:00-07",34.38,20.63,95,29,24.62,89,19.15,27.92,104,
"2017-08-22 13:10:00-07",42.21,14.58,80,37.14,18.51,89,20.29,21.96,96,
"2017-08-22 13:15:00-07",36,19.67,81,27.86,26.45,103,19.14,28.89,110,
"2017-08-22 13:20:00-07",36.8,13.9,71,37.67,14.94,85,29.27,18.38,107,
"2017-08-22 13:25:00-07",32.64,22.99,87,23.93,24.89,81,16.5,27.35,95,
"2017-08-22 13:30:00-07",35.2,19.29,97,28.67,22.83,80,20.93,23.56,113,
"2017-08-22 13:35:00-07",32.43,25.21,114,28.71,29.39,102,19.57,28.69,110,
"2017-08-22 13:40:00-07",24.47,30.5,120,23.2,33.31,108,18.47,33.15,123,
"2017-08-22 13:45:00-07",33.29,24.33,92,27.71,27.51,90,18,29.58,110,
"2017-08-22 13:50:00-07",41.27,19.72,87,31.07,25.7,108,19.73,26.54,122,
"2017-08-22 13:55:00-07",34.25,17.1,48,35.63,23.55,44,21.25,23.78,58,
"2017-08-22 14:00:00-07",31.73,20.81,74,27.82,27.57,63,19.91,26.72,87,
"2017-08-22 14:05:00-07",36.58,19.86,84,26.5,24.64,74,19,28.83,98,
"2017-08-22 14:10:00-07",38,20.14,103,30.67,23.91,92,19.8,25.63,113,
"2017-08-22 14:15:00-07",33,20.88,98,25.07,27.43,79,17.57,29.5,107,
"2017-08-22 14:20:00-07",36.47,16.51,94,37.07,17.63,101,22.07,22.38,110,
"2017-08-22 14:25:00-07",36.07,16.89,79,33.79,19.12,97,26.14,18.53,104,
"2017-08-22 14:30:00-07",29.47,20.55,93,29.2,23.24,84,20.67,24.66,111,
"2017-08-22 14:35:00-07",32.86,24.61,92,24,27.76,98,18.29,28.13,106,
"2017-08-22 14:40:00-07",35.73,22.02,113,27.53,24.98,95,18.87,26.11,110,
"2017-08-22 14:45:00-07",23.5,27.25,91,29.5,28.26,100,20.43,28.44,113,
"2017-08-22 14:50:00-07",37,18.36,61,31.91,22.47,68,21,26.57,86,
"2017-08-22 14:55:00-07",34.67,19.8,69,35.17,19.81,72,22,24.51,91,
"2017-08-22 15:00:00-07",27.33,25.94,104,25.8,29.66,106,19,30.16,122,
"2017-08-22 15:05:00-07",31.29,23.12,102,25.71,25.35,104,22,26.07,112,
"2017-08-22 15:10:00-07",36.93,18.1,98,28,23.07,95,19.4,26.32,118,
"2017-08-22 15:15:00-07",39,16.95,82,33.57,21.44,78,27.57,21.81,104,
"2017-08-22 15:20:00-07",24,26.99,97,20.2,32.48,91,15.6,35.13,123,
"2017-08-22 15:25:00-07",28.57,22.17,93,26.79,23.45,71,21.5,24.22,102,
"2017-08-22 15:30:00-07",33.13,22,87,30.87,23.87,91,20.53,24.42,113,
"2017-08-22 15:35:00-07",28.5,21.33,84,33.5,23.2,81,26.29,24.09,106,
"2017-08-22 15:40:00-07",29.33,23.7,89,28.73,24.53,111,18.47,25.85,103,
"2017-08-22 15:45:00-07",31.93,19.05,95,28,24.49,82,21.93,27.61,121,
"2017-08-22 15:50:00-07",37.73,18.84,95,30.07,22.9,91,20,27.13,110,
"2017-08-22 15:55:00-07",35.86,16.8,90,27.5,20.23,79,23.79,22,103,
"2017-08-22 16:00:00-07",40.47,15.16,77,35.13,20.79,81,24.13,24.11,122,
"2017-08-22 16:05:00-07",30.71,21.56,82,26.79,22.26,92,24.71,22.94,96,
"2017-08-22 16:10:00-07",30.67,26.48,113,21.47,31.24,107,16.53,32.58,118,
"2017-08-22 16:15:00-07",33.29,22.21,101,26.43,23.42,91,23.14,25.02,105,
"2017-08-22 16:20:00-07",34.4,20.25,107,27.53,22.03,108,20.13,24.16,108,
"2017-08-22 16:25:00-07",29.07,20.57,93,26.79,22.4,95,20.21,25.63,109,
"2017-08-22 16:30:00-07",38.8,15.83,83,33.8,18.66,104,24.33,22.25,122,
"2017-08-22 16:35:00-07",33.29,16.71,84,34.5,17.99,85,30.86,20.8,101,
"2017-08-22 16:40:00-07",28.4,25.27,99,24.13,29.16,115,18.6,31.35,136,
"2017-08-22 16:45:00-07",32.36,23.98,84,24.21,29.03,111,16.93,35.72,129,
"2017-08-22 16:50:00-07",19.47,32.01,91,17.13,34.43,98,20.53,32.57,124,
"2017-08-22 16:55:00-07",9.5,57.01,74,10.5,66.9,111,6.43,70.76,99,
"2017-08-22 17:00:00-07",7.13,61.78,74,8.93,67.4,81,6.87,72.04,109,
"2017-08-22 17:05:00-07",6.79,63.3,61,7.86,72.18,83,5.14,71.63,83,
"2017-08-22 17:10:00-07",9.87,59.09,92,8.8,69.89,95,5.87,69.98,98,
"2017-08-22 17:15:00-07",9,61.67,82,8.21,70.64,90,4.71,71.21,76,
"2017-08-22 17:20:00-07",8.13,62.77,82,7.8,68.88,86,5.93,73.74,99,
"2017-08-22 17:25:00-07",8.43,64.57,65,8.71,70.07,97,7.07,69.9,112,
"2017-08-22 17:30:00-07",9.07,62.9,71,8,67.92,86,7.2,70.94,117,
"2017-08-22 17:35:00-07",10.36,62.88,81,7.86,69.56,87,6.07,73.64,104,
"2017-08-22 17:40:00-07",8.53,63.32,76,8.27,69.77,110,5.8,75.17,100,
"2017-08-22 17:45:00-07",7.21,63.48,54,7.64,69.97,88,6.14,74.17,98,
"2017-08-22 17:50:00-07",9.47,61.71,80,9.67,68.53,111,8.27,72.16,135,
"2017-08-22 17:55:00-07",6,66.18,33,5.25,72,40,3.75,69.43,35,
"2017-08-22 18:00:00-07",8.8,62.23,77,9.73,67.11,104,7.6,71.11,124,
"2017-08-22 18:05:00-07",8.71,62.68,71,8.71,68.94,90,6.14,74.23,93,
"2017-08-22 18:10:00-07",9.73,60.86,97,9.93,68.77,119,4.87,73.28,94,
"2017-08-22 18:15:00-07",6.29,63.1,70,9.5,68.4,107,5.36,74.09,89,
"2017-08-22 18:20:00-07",7.8,61.13,82,8.2,67.74,103,4.53,71.86,81,
"2017-08-22 18:25:00-07",9,60.34,70,10.29,67.36,78,6,72.89,92,
"2017-08-22 18:30:00-07",10.82,61.53,51,8.27,69.79,68,5.73,74.47,72,
"2017-08-22 18:35:00-07",6.08,66.22,63,8.33,69.35,75,5.67,73.27,84,
"2017-08-22 18:40:00-07",9.07,62.17,70,7.4,69.24,92,6.33,71.61,109,
"2017-08-22 18:45:00-07",9.86,61.93,80,11.71,66.58,100,7,70.3,108,
"2017-08-22 18:50:00-07",8.4,63.62,74,8.53,67.54,95,5.8,72.01,93,
"2017-08-22 18:55:00-07",7.86,62.77,62,8.79,68.93,86,6.14,73.98,95,
"2017-08-22 19:00:00-07",10.47,62.09,75,8.33,67.91,90,4.8,72.31,80,
"2017-08-22 19:05:00-07",11.43,61.81,78,7.29,68.46,87,5.36,73.24,84,
"2017-08-22 19:10:00-07",10.33,59.15,80,8.67,66.88,92,5.87,71.32,98,
"2017-08-22 19:15:00-07",9.79,59.25,57,10.07,67.18,96,4.79,71.26,84,
"2017-08-22 19:20:00-07",8.73,62.91,65,7.93,67.41,85,5.33,72.8,84,
"2017-08-22 19:25:00-07",8.86,62.71,84,9.93,69.32,92,6.36,73.61,99,
"2017-08-22 19:30:00-07",7.67,62.48,66,6.53,69.54,71,4.13,72.29,73,
"2017-08-22 19:35:00-07",7.43,62.42,57,5.79,70.26,68,4.43,72.92,71,
"2017-08-22 19:40:00-07",8.87,61.71,72,8.07,66.87,83,5.13,70.2,91,
"2017-08-22 19:45:00-07",10.71,63.38,64,7.5,69.31,74,4.86,73.06,77,
"2017-08-22 19:50:00-07",7.2,61.33,64,7.93,67.83,75,4.8,72.92,78,
"2017-08-22 19:55:00-07",6.86,61.66,61,7.93,68.16,79,6,73.82,89,
"2017-08-22 20:00:00-07",7,63.24,38,4.8,68.23,43,3.2,72.91,44,
"2017-08-22 20:05:00-07",7.5,61.26,31,7.88,67.29,42,4.75,71.43,42,
"2017-08-22 20:10:00-07",9.13,60.15,84,8,67.49,84,3.93,71.61,72,
"2017-08-22 20:15:00-07",8.13,62.21,39,9.38,66.71,48,6.13,69.5,54,
"2017-08-22 20:20:00-07",6.6,61.83,59,8.67,64.69,86,3.33,66.72,57,
"2017-08-22 20:25:00-07",4.14,58.72,47,8.43,64.18,80,4.07,67.03,65,
"2017-08-22 20:30:00-07",5.44,59.48,29,8,64.41,44,2.78,68.93,29,
"2017-08-22 20:35:00-07",4,60.12,43,7.79,65.21,73,2.5,68.67,42,
"2017-08-22 20:40:00-07",5,62.51,39,7.67,63.84,69,4.53,66.65,80,
"2017-08-22 20:45:00-07",6.29,55.64,50,11.5,62.05,73,5.93,62.08,77,
"2017-08-22 20:50:00-07",6.73,60.59,59,5.87,66.19,67,3.07,68.18,56,
"2017-08-22 20:55:00-07",3.86,62.91,45,4.86,62.7,43,2.71,72.5,44,
"2017-08-22 21:00:00-07",2,64.22,18,2.2,68.63,27,1.07,68.85,20,
"2017-08-22 21:05:00-07",5.36,63.5,48,5.21,68.41,59,2.14,69.58,40,
"2017-08-22 21:10:00-07",6.53,64.08,66,6.07,67.67,70,1.53,68.75,36,
"2017-08-22 21:15:00-07",6.29,58.83,58,5.71,66.31,52,2.64,70.29,48,
"2017-08-22 21:20:00-07",5.8,59.93,55,6.07,66.8,69,3.2,72.19,62,
"2017-08-22 21:25:00-07",5.14,61.77,35,3.86,68.22,49,1.79,70.32,38,
"2017-08-22 21:30:00-07",7,62.71,42,5.13,68,59,2.07,71.09,47,
"2017-08-22 21:35:00-07",6,61.94,51,4.57,69.44,55,1.71,71.7,37,
"2017-08-22 21:40:00-07",3,63.58,31,2.8,69.25,48,1.27,71.77,31,
"2017-08-22 21:45:00-07",4.86,62.11,38,4.29,66.94,49,2.43,72.81,43,
"2017-08-22 21:50:00-07",5.8,63.76,50,4.67,68.03,60,2.2,73.51,47,
"2017-08-22 21:55:00-07",5.57,62.94,36,3.93,70.33,48,1.29,71.75,28,
"2017-08-22 22:00:00-07",3.6,64,41,3.73,69.71,48,0.73,71.78,23,
"2017-08-22 22:05:00-07",5.36,65,30,4.29,67.51,47,0.79,72.81,27,
"2017-08-22 22:10:00-07",3.2,66.67,36,1.13,68,24,0.53,75,16,
"2017-08-22 22:15:00-07",3.36,59.87,30,4.79,69.38,47,0.86,71.4,25,
"2017-08-22 22:20:00-07",5.87,61.77,47,2.73,69.83,40,0.13,75.21,14,
"2017-08-22 22:25:00-07",5.21,64.97,32,1.64,70.24,33,1.14,76.06,18,
"2017-08-22 22:30:00-07",8.33,62.84,50,3.13,68.74,42,1.07,72.08,26,
"2017-08-22 22:35:00-07",5.5,62.44,36,3.57,68.79,39,0.79,73.26,23,
"2017-08-22 22:40:00-07",4.73,57.22,32,2.53,68.51,35,0.07,70.3,10,
"2017-08-22 22:45:00-07",3.5,59.85,26,1.71,65.15,20,0.07,70,5,
"2017-08-22 22:50:00-07",3.8,63.89,36,3.87,67.97,39,0.13,73.07,14,
"2017-08-22 22:55:00-07",3.64,59.08,25,3.43,67.94,36,0.43,71.69,13,
"2017-08-22 23:00:00-07",3.67,57.39,18,1.87,68.48,25,0.33,72.6,10,
"2017-08-22 23:05:00-07",5.21,62.26,35,2.14,67.44,27,0.64,71.25,16,
"2017-08-22 23:10:00-07",6.4,62,34,2.2,70,36,0.07,68,2,
"2017-08-22 23:15:00-07",3.29,59.72,18,2.14,68.61,18,0.29,72.5,8,
"2017-08-22 23:20:00-07",5.2,62.48,25,1.47,70.14,22,0.4,74.21,14,
"2017-08-22 23:25:00-07",4.79,57.35,26,2.14,67.75,24,0.57,71.33,12,
"2017-08-22 23:30:00-07",3.93,61,20,2.33,69.45,29,0.2,70.85,13,
"2017-08-22 23:35:00-07",3.07,64.18,17,1.57,69.77,22,0.29,70.67,12,
"2017-08-22 23:40:00-07",2.6,65.8,15,1.4,70.52,29,0.2,47.86,7,
"2017-08-22 23:45:00-07",2,65.92,13,1.75,66.56,9,0,78.83,6,
"2017-08-22 23:50:00-07",2.67,62.9,20,0.27,70.25,8,0,70,2,
"2017-08-22 23:55:00-07",5.07,62.11,19,0.29,69,10,0,75.33,6,
"2017-08-23 00:00:00-07",5.56,65.25,16,2.44,69.65,17,0.56,72,12,
"2017-08-23 00:05:00-07",2.07,63.87,15,0.36,69.33,6,0.07,72.33,3,
"2017-08-23 00:10:00-07",4.4,59.73,22,2.6,69.17,24,0,70.8,5,
"2017-08-23 00:15:00-07",3.93,61.96,25,1.29,67.29,14,0,75,2,
"2017-08-23 00:20:00-07",4,63.52,23,1.4,69.13,15,0,,0,
"2017-08-23 00:25:00-07",3.79,61.06,17,2.36,69.95,19,0,80,3,
"2017-08-23 00:30:00-07",2.73,57.24,17,0.8,68.81,21,0,68,6,
"2017-08-23 00:35:00-07",2.43,63.58,12,2.86,68.76,21,0,75,2,
"2017-08-23 00:40:00-07",3.33,59.73,15,2.87,65.39,23,0.33,71.75,8,
"2017-08-23 00:45:00-07",3,64.4,15,2.29,61.87,15,0,71,4,
"2017-08-23 00:50:00-07",3.07,60.08,13,0.53,68.43,7,0,74.5,4,
"2017-08-23 00:55:00-07",1.25,59.67,3,0,74.25,4,0,,0,
"2017-08-23 01:00:00-07",4.53,63.13,23,0.67,35.5,6,0,66,1,
"2017-08-23 01:05:00-07",4.07,58.21,19,1.14,70.67,15,0.07,61.5,8,
"2017-08-23 01:10:00-07",4.6,64.57,23,1.4,69.3,10,0,64,1,
"2017-08-23 01:15:00-07",2.86,62.31,13,0.64,70,10,0.07,69.33,3,
"2017-08-23 01:20:00-07",1.13,68.5,10,0.8,71.21,14,0,75,2,
"2017-08-23 01:25:00-07",2.71,63.43,14,0.79,69.33,9,0.14,72.6,5,
"2017-08-23 01:30:00-07",2.33,56.3,10,1.07,69.83,12,0,69,1,
"2017-08-23 01:35:00-07",2,67.57,7,1.25,73.11,9,0,,0,
"2017-08-23 01:40:00-07",4.13,60.62,21,1.8,65.83,12,0,65.67,3,
"2017-08-23 01:45:00-07",5.21,61.5,22,0.79,52.22,9,0,69.4,5,
"2017-08-23 01:50:00-07",4.64,62.13,16,3.73,64.79,14,0,71,1,
"2017-08-23 01:55:00-07",1.5,66.11,9,0.92,72.9,10,0,69,1,
"2017-08-23 02:00:00-07",2.55,46.2,10,0.73,68.6,5,0,76,2,
"2017-08-23 02:05:00-07",3.75,63.21,14,1.08,64.47,15,0,72,1,
"2017-08-23 02:10:00-07",2.2,61.5,8,0.4,67.54,13,0,67,2,
"2017-08-23 02:15:00-07",2.36,62.39,18,1.29,66.22,9,0,73.75,4,
"2017-08-23 02:20:00-07",3.8,64.9,20,1.53,68.33,12,0,78,2,
"2017-08-23 02:25:00-07",3,63.32,22,1.43,67.23,13,0,66.67,3,
"2017-08-23 02:30:00-07",2.53,63.94,18,1.2,69.65,17,0.2,71.8,5,
"2017-08-23 02:35:00-07",2.14,64,18,0.36,71.56,9,0,,0,
"2017-08-23 02:40:00-07",1.53,65.42,12,1,70,13,0.13,70.5,6,
"2017-08-23 02:45:00-07",2.43,55.94,17,1.93,61.3,20,0,69.67,3,
"2017-08-23 02:50:00-07",3.6,57.75,16,0.47,62.5,10,0.13,59.83,6,
"2017-08-23 02:55:00-07",1.57,48.18,11,1.5,69.27,15,0.21,61,1,
"2017-08-23 03:00:00-07",4.13,63.38,21,1.27,73.24,17,0,68,1,
"2017-08-23 03:05:00-07",2.36,63,12,1.29,67.08,12,0,86,2,
"2017-08-23 03:10:00-07",2.27,64.95,19,0.67,70.27,15,0,71.33,3,
"2017-08-23 03:15:00-07",5.86,62.17,24,0.71,68.8,15,0,77.5,4,
"2017-08-23 03:20:00-07",3.4,64.09,22,2.73,68.15,20,0,73,1,
"2017-08-23 03:25:00-07",3.93,63.48,21,1.86,69.86,14,0,77.5,4,
"2017-08-23 03:30:00-07",2.47,63.05,21,0.67,74.3,20,0.2,73.11,9,
"2017-08-23 03:35:00-07",1.86,61.73,15,0.29,75,6,0.07,74,2,
"2017-08-23 03:40:00-07",1.73,58.88,17,0.4,67.88,8,0,71,1,
"2017-08-23 03:45:00-07",1.93,63.46,13,1.79,70.25,24,1,69.26,19,
"2017-08-23 03:50:00-07",8.87,61.94,50,6.33,66.75,56,2.8,72.06,48,
"2017-08-23 03:55:00-07",3.57,55.44,18,2.5,68.58,24,0.21,75,8,
"2017-08-23 04:00:00-07",6,61.95,22,3,68.63,32,0.18,75,6,
"2017-08-23 04:05:00-07",3.63,61,13,3,70.17,23,1.13,71.8,15,
"2017-08-23 04:10:00-07",5.4,62.72,29,2.53,64.64,33,0.87,73.6,25,
"2017-08-23 04:15:00-07",7.21,63.82,33,6,69.27,51,2.5,72.43,47,
"2017-08-23 04:20:00-07",1.93,71,29,3.33,71.73,44,0.93,76.17,29,
"2017-08-23 04:25:00-07",6.43,65.1,42,4.21,71.8,46,2.36,73.36,42,
"2017-08-23 04:30:00-07",5.87,64.08,48,6.47,69.25,63,2.33,75.48,54,
"2017-08-23 04:35:00-07",5.5,63.94,51,7.79,68.8,82,2.29,74.98,49,
"2017-08-23 04:40:00-07",5.47,59.93,42,5.33,70.39,69,3.47,74.99,68,
"2017-08-23 04:45:00-07",6.36,64.47,49,6.07,72.16,62,3.36,73.31,62,
"2017-08-23 04:50:00-07",6.07,65.84,49,4.53,70.14,59,3.8,75.92,71,
"2017-08-23 04:55:00-07",8.07,63.64,42,6.43,69.71,66,5.71,76.35,92,
"2017-08-23 05:00:00-07",5.4,62.91,44,6.53,66.59,76,3.93,73.36,69,
"2017-08-23 05:05:00-07",4.5,58.8,41,7,67,70,4.36,73.95,82,
"2017-08-23 05:10:00-07",4.47,66.98,50,8.07,69.21,82,6.53,73.38,109,
"2017-08-23 05:15:00-07",8.07,63.6,58,8.93,68.6,88,8.79,71.87,136,
"2017-08-23 05:20:00-07",5.93,65.21,57,9.87,68.36,108,8.27,72.23,135,
"2017-08-23 05:25:00-07",9,61.71,62,9.14,68.33,100,8.29,73.27,126,
"2017-08-23 05:30:00-07",8.6,64.63,79,9.93,66.96,110,10.6,71.17,169,
"2017-08-23 05:35:00-07",7.36,63.31,55,9.43,68.15,103,10.21,69.93,148,
"2017-08-23 05:40:00-07",8.4,62.09,78,11.53,66.02,122,11.6,68.37,175,
"2017-08-23 05:45:00-07",11.29,58.95,81,13,65.95,120,11.43,67.72,160,
"2017-08-23 05:50:00-07",9.67,60.99,77,9.87,67.18,115,7.8,72.24,127,
"2017-08-23 05:55:00-07",10.79,63.05,85,9.07,67.27,95,9.29,70.88,136,
"2017-08-23 06:00:00-07",11.07,60.69,78,11.93,66.64,119,11.4,68.9,179,
"2017-08-23 06:05:00-07",10,59.53,53,13.38,63.64,69,10.38,69.2,90,
"2017-08-23 06:10:00-07",11.2,59.28,95,15.07,60.4,154,13.87,62.52,188,
"2017-08-23 06:15:00-07",15.21,57.42,105,14.57,60.79,137,16.29,63.47,205,
"2017-08-23 06:20:00-07",20.07,42.31,131,18.73,44.69,138,18.13,44.49,173,
"2017-08-23 06:25:00-07",15.71,53.47,120,15.29,58.97,135,11.5,61.2,153,
"2017-08-23 06:30:00-07",15.29,54.63,98,12.64,60.69,112,11.36,64.13,154,
"2017-08-23 06:35:00-07",19.85,47.41,138,18.46,51.75,151,16.23,55.29,171,
"2017-08-23 06:40:00-07",24.07,35.57,136,24.33,36.43,127,20.8,37.46,158,
"2017-08-23 06:45:00-07",14,53.96,118,12.71,57.08,119,10.57,60.23,137,
"2017-08-23 06:50:00-07",14.8,51.29,113,14.6,55.16,139,12.07,58.53,154,
"2017-08-23 06:55:00-07",19.36,50.71,139,19.36,54.52,135,12.14,58.72,147,
"2017-08-23 07:00:00-07",10.55,63.25,71,13.55,66.53,109,11.55,69.52,132,
"2017-08-23 07:05:00-07",9.42,63.1,71,10.92,68.01,99,9.42,70.65,124,
"2017-08-23 07:10:00-07",13.6,61.58,125,10.8,65.1,128,10.87,68.69,163,
"2017-08-23 07:15:00-07",11.86,54.8,97,7.71,66.84,92,8.36,72.33,129,
"2017-08-23 07:20:00-07",10.67,60.2,96,11.27,66.78,139,9.73,70.66,154,
"2017-08-23 07:25:00-07",15.29,56.59,98,13.5,62.58,127,11.29,66.53,154,
"2017-08-23 07:30:00-07",10.6,61.83,93,12.4,66.11,133,10.4,70.45,173,
"2017-08-23 07:35:00-07",14.07,58.39,104,15.36,62.16,132,9.57,67.65,139,
"2017-08-23 07:40:00-07",13.44,61.89,64,14.56,63.43,75,10.22,69.12,95,
"2017-08-23 07:45:00-07",13.07,61.79,100,11.71,65.84,113,9.93,69.17,149,
"2017-08-23 07:50:00-07",14.07,57.54,113,13.8,63.18,123,10.53,67.33,156,
"2017-08-23 07:55:00-07",12.36,57.51,96,13.5,64.41,118,7.07,68.68,109,
"2017-08-23 08:00:00-07",9.27,61.21,102,13.73,63.86,118,10.13,67.82,154,
"2017-08-23 08:05:00-07",6.88,62.62,37,9,65.85,52,6.13,70.61,54,
"2017-08-23 08:10:00-07",9.64,62.41,68,10.18,65.85,93,10.36,69.91,118,
"2017-08-23 08:15:00-07",10.78,60.56,62,8.44,67.12,67,5.67,71.54,56,
"2017-08-23 08:20:00-07",10.75,62.21,68,12.25,66.71,107,10,71.41,133,
"2017-08-23 08:25:00-07",11.67,59.63,88,10.83,66.86,95,7.58,72.11,103,
"2017-08-23 08:30:00-07",14.8,58.45,100,12.33,64.54,114,8,70.22,124,
"2017-08-23 08:35:00-07",14.33,61.29,91,14.08,65.18,104,8.25,69.52,104,
"2017-08-23 08:40:00-07",13.73,59.7,101,9.47,65.87,102,6.87,70.1,110,
"2017-08-23 08:45:00-07",13.25,56.14,84,11.92,63.7,92,8.67,69.58,113,
"2017-08-23 08:50:00-07",10.89,59.88,51,9.22,65.58,65,11.22,69.65,99,
"2017-08-23 08:55:00-07",12.17,59.89,109,11,66.42,90,9.25,70.17,118,
"2017-08-23 09:00:00-07",11.47,59.18,100,12.87,65.04,115,8.8,69.46,140,
"2017-08-23 09:05:00-07",11,57.08,80,14.36,61.7,88,8.27,67.32,91,
"2017-08-23 09:10:00-07",8,61.53,62,13.46,65.56,104,8.62,69.34,121,
"2017-08-23 09:15:00-07",9.73,59.5,60,9.55,67.47,73,8,72.05,93,
"2017-08-23 09:20:00-07",11.62,60.52,83,14,64.84,109,8.08,69.67,109,
"2017-08-23 09:25:00-07",10.44,56.73,51,17.67,63.21,91,12.67,66.73,109,
"2017-08-23 09:30:00-07",11,60.53,83,15.08,64.39,102,9.54,69.41,127,
"2017-08-23 09:35:00-07",11.44,58.78,63,13.78,64.42,76,11.44,66.84,87,
"2017-08-23 09:40:00-07",13.62,56.14,91,14.85,55.51,122,9.31,69.19,130,
"2017-08-23 09:45:00-07",13.11,60.46,68,12.67,63.78,68,9,68.62,81,
"2017-08-23 09:50:00-07",10.5,58.3,71,14.5,63.94,102,9.25,67.55,113,
"2017-08-23 09:55:00-07",11.56,60.44,73,12.56,64,78,10.56,69.42,92,
"2017-08-23 10:00:00-07",13.77,59.07,95,11.69,63.97,99,8.46,68.37,123,
"2017-08-23 10:05:00-07",19.5,57.66,92,12.1,64.63,81,10.1,67.91,99,
"2017-08-23 10:10:00-07",12.93,60.56,100,12.36,65.71,106,9.36,69.66,134,
"2017-08-23 10:15:00-07",12.78,60.93,68,13.11,65.79,80,8.78,69.98,84,
"2017-08-23 10:20:00-07",12.25,59.55,51,12.63,63.4,58,8.88,68.94,77,
"2017-08-23 10:25:00-07",11,58.74,66,15,63.95,75,8.56,69.66,80,
"2017-08-23 10:30:00-07",10.67,61.09,54,10.44,65.33,66,9.44,71.13,91,
"2017-08-23 10:35:00-07",14.6,59.3,86,11.2,64.4,77,10.5,68.49,109,
"2017-08-23 10:40:00-07",13,59.7,50,12.86,65.26,53,9.86,70.35,71,
"2017-08-23 10:45:00-07",10.4,59.97,60,12.4,65.95,83,6.9,71.44,75,
"2017-08-23 10:50:00-07",22.75,42.78,74,17.33,47.8,91,14.08,51.35,118,
"2017-08-23 10:55:00-07",36.67,29.59,98,22.44,36.95,78,17.44,37.57,86,
"2017-08-23 11:00:00-07",23.54,37.89,92,22.08,42.46,112,15.23,43.79,126,
"2017-08-23 11:05:00-07",13,51.53,58,17.11,51.03,73,12.56,56.35,89,
"2017-08-23 11:10:00-07",29,19,41,33.57,21.64,50,19.57,26.84,56,
"2017-08-23 11:15:00-07",31.55,29.79,95,21.27,37.32,74,16.18,38.81,107,
"2017-08-23 11:20:00-07",32.75,28.38,98,22.33,33.68,88,16.75,38.04,109,
"2017-08-23 11:25:00-07",36.09,23.14,70,29.36,26.4,87,24.18,28.57,109,
"2017-08-23 11:30:00-07",25.69,30.28,96,26,32.85,108,18.85,35.85,129,
"2017-08-23 11:35:00-07",34.8,19.24,66,28.7,24.88,69,23.4,27.4,92,
"2017-08-23 11:40:00-07",31.27,23.37,67,30.18,27.66,65,20.27,28.26,92,
"2017-08-23 11:45:00-07",34.67,26.77,77,25.56,34.13,76,17.78,37.35,91,
"2017-08-23 11:50:00-07",28.58,31.06,95,20.75,34.74,88,20.33,36.57,122,
"2017-08-23 11:55:00-07",22.11,34.06,68,22.11,36.63,71,15,38.81,77,
"2017-08-23 12:00:00-07",28.08,31.38,104,21.92,35.38,99,15.92,37.26,119,
"2017-08-23 12:05:00-07",31.89,31.76,86,23.67,36.68,74,15.89,38.93,81,
"2017-08-23 12:10:00-07",28.17,27.13,94,23.08,36,86,16.17,39.37,109,
"2017-08-23 12:15:00-07",28.73,29.23,92,28,32.23,91,19,35.01,108,
"2017-08-23 12:20:00-07",23.5,30.4,75,23.75,35.76,99,16.33,39.11,112,
"2017-08-23 12:25:00-07",27.56,34.34,80,24.44,37.75,67,17.22,41.46,95,
"2017-08-23 12:30:00-07",31.17,28.99,99,24,35.89,87,18,37.6,112,
"2017-08-23 12:35:00-07",30.44,29.38,74,27,35.32,74,17.22,34.43,82,
"2017-08-23 12:40:00-07",30,21.65,69,33.64,25.11,87,21.27,30.08,93,
"2017-08-23 12:45:00-07",33.33,28.19,62,28.67,34.32,50,19.33,35.03,62,
"2017-08-23 12:50:00-07",32.46,24.34,70,29.08,26.31,91,22.92,27.56,95,
"2017-08-23 12:55:00-07",35.22,23.62,63,29.78,25.94,62,18.56,31.01,83,
"2017-08-23 13:00:00-07",26.67,24.08,52,33.33,26.06,69,20.89,30.38,80,
"2017-08-23 13:05:00-07",39.6,22.33,72,30.8,28.55,71,21.67,31.51,90,
"2017-08-23 13:10:00-07",29.29,28.08,48,22,32.82,55,15.86,35.88,59,
"2017-08-23 13:15:00-07",27.5,30.3,71,29.6,32.08,72,16.4,34.95,85,
"2017-08-23 13:20:00-07",35,24.64,67,31.89,28.6,55,18.89,32.02,81,
"2017-08-23 13:25:00-07",26.2,27.44,114,26.4,30.66,115,21.27,30.02,142,
"2017-08-23 13:30:00-07",28.92,28.95,104,28.54,32.84,101,17.62,36.26,122,
"2017-08-23 13:35:00-07",39.82,18.42,71,34.36,22.75,67,27.09,21.95,83,
"2017-08-23 13:40:00-07",36.69,22.27,90,20.23,28.26,86,16.92,32.32,111,
"2017-08-23 13:45:00-07",23,23.07,28,23.83,29.27,44,21.83,32.8,59,
"2017-08-23 13:50:00-07",35.33,26.42,59,20.33,27.3,47,16.67,33.97,67,
"2017-08-23 13:55:00-07",6.8,57.1,50,7.7,67.08,61,6.1,68.58,60,
"2017-08-23 14:00:00-07",15.44,52.88,68,9.78,65.9,61,4.56,70.35,43,
"2017-08-23 14:05:00-07",10.4,59.72,68,8.4,69.57,63,5.2,71.07,60,
"2017-08-23 14:10:00-07",12.29,57.62,55,10.86,69.67,57,6,70.76,46,
"2017-08-23 14:15:00-07",13.55,58.33,85,10.55,63.59,78,7.73,66.72,90,
"2017-08-23 14:20:00-07",11.62,56.83,82,15.15,63.33,117,10.54,62.9,134,
"2017-08-23 14:25:00-07",23.09,33.58,80,24.64,34.36,88,16.36,37.39,102,
"2017-08-23 14:30:00-07",35.08,20.4,86,27,27.87,103,19.69,30,111,
"2017-08-23 14:35:00-07",32.7,18.98,58,34.7,21.81,72,17.9,28.07,70,
"2017-08-23 14:40:00-07",41.14,21.06,48,38.43,22.61,46,22,27.63,63,
"2017-08-23 14:45:00-07",42.7,16.27,59,35.9,20.45,66,28.8,22.81,74,
"2017-08-23 14:50:00-07",33.17,24.15,100,21.92,31.43,90,17,34.89,106,
"2017-08-23 14:55:00-07",34.2,23.67,76,28.5,27.3,73,16.9,30.57,79,
"2017-08-23 15:00:00-07",21.29,35.07,104,16.5,37.85,79,13.5,39.53,112,
"2017-08-23 15:05:00-07",23.2,35.15,81,17.7,37.71,70,11.6,40.64,73,
"2017-08-23 15:10:00-07",23.15,33.31,100,13.62,36.57,79,11.69,38.69,89,
"2017-08-23 15:15:00-07",23.82,35.28,87,15.55,38.25,76,12.45,41.48,85,
"2017-08-23 15:20:00-07",20.46,34.86,90,19.08,38.16,102,12.62,39.48,96,
"2017-08-23 15:25:00-07",20.64,33.55,88,20.45,34.46,76,12.91,40.18,85,
"2017-08-23 15:30:00-07",19,36.79,89,16.5,40.83,86,11.75,41.58,91,
"2017-08-23 15:35:00-07",28.2,32.2,87,20.1,37.2,75,11.8,40.77,74,
"2017-08-23 15:40:00-07",21,34.3,40,11.57,38.7,40,9.29,40.49,41,
"2017-08-23 15:45:00-07",22.33,33.07,115,18.4,38.21,119,10.73,42.26,104,
"2017-08-23 15:50:00-07",22.67,34.82,76,11.33,40.33,54,10.44,41.85,61,
"2017-08-23 15:55:00-07",20.67,36.36,114,22.27,36.73,115,12.4,40.61,115,
"2017-08-23 16:00:00-07",25.56,33.38,56,19.33,38.42,69,12.78,38.51,67,
"2017-08-23 16:05:00-07",26.6,31.22,72,18.4,35.78,72,10.6,40.11,70,
"2017-08-23 16:10:00-07",22.46,32.41,97,18.67,37.43,88,11.83,39.58,83,
"2017-08-23 16:15:00-07",28,32,36,18,42,40,14,43,32,
"2017-08-23 16:20:00-07",21.67,33.68,68,20,38.29,76,11.33,40.23,60,
"2017-08-23 16:25:00-07",22.3,36.19,78,14.7,37.56,68,13.4,39.28,81,
"2017-08-23 16:30:00-07",21.89,32.12,59,17.22,36.23,62,11.11,39.55,58,
"2017-08-23 16:35:00-07",27.6,30.61,82,16.2,40.29,70,12.2,42.62,78,
"2017-08-23 16:40:00-07",18.89,35.06,68,17.11,38.7,71,12.44,43.19,73,
"2017-08-23 16:45:00-07",17.8,37.85,65,16.1,38.89,71,10.6,42.63,70,
"2017-08-23 16:50:00-07",19.56,37.68,69,19.11,38.31,68,10.89,43.52,65,
"2017-08-23 16:55:00-07",21,38.33,73,16.3,38.74,68,13.7,41.23,81,
"2017-08-23 17:00:00-07",23.44,33.58,72,16.33,38.9,62,12.33,41.97,68,
"2017-08-23 17:05:00-07",20.6,32.97,76,14.7,39.34,70,10.8,42.32,68,
"2017-08-23 17:10:00-07",19.46,37.01,96,15.62,39.85,100,14.62,41.64,118,
"2017-08-23 17:15:00-07",16.55,40.62,74,15.36,40.74,78,12.82,42.9,92,
"2017-08-23 17:20:00-07",7.92,62.71,72,13.54,65.99,104,9.85,69.29,133,
"2017-08-23 17:25:00-07",13.5,50.97,37,13,51,36,9.67,49,45,
"2017-08-23 17:30:00-07",14.08,57.46,105,14.08,59.97,139,11.54,66.38,152,
"2017-08-23 17:35:00-07",7.27,61.53,58,10.09,69.08,83,7.73,72.04,90,
"2017-08-23 17:40:00-07",9.62,63.47,75,10.31,66.1,89,9,71.9,123,
"2017-08-23 17:45:00-07",6,66.15,27,10.83,68.31,49,9.17,72.08,62,
"2017-08-23 17:50:00-07",6.62,64.82,55,7.46,69.73,81,6.62,72.59,99,
"2017-08-23 17:55:00-07",9.18,58.93,67,9.18,66.48,71,7.73,71.02,94,
"2017-08-23 18:00:00-07",7.77,63.82,57,7.77,68.8,86,5,71.49,79,
"2017-08-23 18:05:00-07",8.45,64.95,63,7.73,69.39,84,9,71.22,97,
"2017-08-23 18:10:00-07",10.31,61.85,79,8.15,69.78,92,7.54,69.8,105,
"2017-08-23 18:15:00-07",13.6,62.58,67,8.3,71.43,79,7.5,70.98,85,
"2017-08-23 18:20:00-07",14.45,57.32,97,8.82,67.9,77,4.73,73.98,65,
"2017-08-23 18:25:00-07",12.4,59.19,63,9.7,64.27,74,5.6,70.03,64,
"2017-08-23 18:30:00-07",7.75,63,57,7.83,71.61,66,4.25,72.51,63,
"2017-08-23 18:35:00-07",11.22,60.36,58,12.11,65.25,61,6.44,72.23,70,
"2017-08-23 18:40:00-07",9.23,61.33,78,13.38,64.48,91,8,69.94,114,
"2017-08-23 18:45:00-07",7.3,60.73,30,8.9,69.83,70,6.2,74.23,73,
"2017-08-23 18:50:00-07",13.17,60,74,9.33,66,80,5.33,70.9,78,
"2017-08-23 18:55:00-07",8.67,61.25,44,7.44,69.49,57,4.67,72.19,54,
"2017-08-23 19:00:00-07",6.17,66.22,54,8.33,69.49,78,6.67,73.04,90,
"2017-08-23 19:05:00-07",10.5,62.33,58,9.2,66.35,80,5,72.76,63,
"2017-08-23 19:10:00-07",10.5,63.38,71,9.42,67.67,87,6.08,73.25,85,
"2017-08-23 19:15:00-07",8.2,61.15,47,6.7,68.85,55,5.5,74.51,69,
"2017-08-23 19:20:00-07",4.58,60.9,31,7.67,70.11,71,2.67,73.72,43,
"2017-08-23 19:25:00-07",6.89,63.09,35,7.78,67.61,51,4.22,71.96,46,
"2017-08-23 19:30:00-07",9.31,61.25,73,9.46,68,86,6.38,71.53,93,
"2017-08-23 19:35:00-07",8.67,65.05,38,7.44,69.63,54,3.44,73.26,39,
"2017-08-23 19:40:00-07",6.33,62.43,40,6.58,71.02,65,3.42,75.3,54,
"2017-08-23 19:45:00-07",8.89,60.17,46,8,67.09,46,2.56,68.96,26,
"2017-08-23 19:50:00-07",5.64,60.33,30,5.55,64.09,47,1.36,67.2,25,
"2017-08-23 19:55:00-07",8,59.73,40,5.56,67.79,52,3.56,69.46,37,
"2017-08-23 20:00:00-07",8.38,61.19,54,8.62,64.88,66,4.31,68.17,59,
"2017-08-23 20:05:00-07",7,57.35,31,9,65.2,54,4.67,65.85,48,
"2017-08-23 20:10:00-07",10.31,62.21,57,7.08,67.72,50,5.23,69.39,72,
"2017-08-23 20:15:00-07",7,61.73,22,5.33,68.93,28,1.33,69.33,12,
"2017-08-23 20:20:00-07",5.67,60.58,43,9.33,64.33,66,3.25,68.67,46,
"2017-08-23 20:25:00-07",9.33,58.76,51,10.67,61.65,48,6.11,67.67,60,
"2017-08-23 20:30:00-07",4.92,59.34,35,6.58,65.89,57,2.75,68.58,38,
"2017-08-23 20:35:00-07",6,63.67,27,6.56,65.23,52,5.89,69.12,50,
"2017-08-23 20:40:00-07",8,60.67,57,6.92,65.27,70,1.85,70.29,34,
"2017-08-23 20:45:00-07",8.89,59.08,49,9.22,64.42,57,4.11,69.05,44,
"2017-08-23 20:50:00-07",7.15,59.81,57,4.92,64.62,53,3.31,69.96,55,
"2017-08-23 20:55:00-07",8.67,60.29,38,3.78,67.3,30,1.22,70.47,19,
"2017-08-23 21:00:00-07",4,62.56,34,6.15,66.69,61,1.85,70.31,32,
"2017-08-23 21:05:00-07",5,59.38,39,6.2,65,42,2.1,70.3,30,
"2017-08-23 21:10:00-07",3.83,64.2,35,1.92,69.14,28,1.42,69.48,23,
"2017-08-23 21:15:00-07",6.6,64.03,33,2.2,69.85,26,0.3,70.25,8,
"2017-08-23 21:20:00-07",3.17,59.81,27,2.5,68.92,37,1.5,71.09,22,
"2017-08-23 21:25:00-07",6.33,61.29,31,4.78,67.66,38,1.33,66.47,19,
"2017-08-23 21:30:00-07",4.31,59.97,32,4.38,65.84,45,1.15,69.42,24,
"2017-08-23 21:35:00-07",4.44,65.47,34,1.78,70.9,21,1,72.14,14,
"2017-08-23 21:40:00-07",6,61.06,17,2.5,67.73,15,1,71.36,11,
"2017-08-23 21:45:00-07",1.44,64.08,13,3.78,68.96,25,0.67,72.64,14,
"2017-08-23 21:50:00-07",5,60.07,30,6.08,64.05,42,1.92,64.93,28,
"2017-08-23 21:55:00-07",2.56,63.2,15,4.78,66.2,20,0.67,74,12,
"2017-08-23 22:00:00-07",1.92,60.29,21,4.31,66.42,45,1,71.82,22,
"2017-08-23 22:05:00-07",4.33,62.55,20,3.89,70.36,22,1.22,72.56,18,
"2017-08-23 22:10:00-07",2.69,59.3,20,4.46,68.49,35,0.08,72.36,11,
"2017-08-23 22:15:00-07",6.4,62.25,40,4.3,65.91,33,2.2,70.24,29,
"2017-08-23 22:20:00-07",4.56,62.59,22,4.56,68.48,29,0.67,73.09,11,
"2017-08-23 22:25:00-07",5.11,62.45,29,4.44,68.44,34,1.56,74.15,20,
"2017-08-23 22:30:00-07",3.43,66.14,21,1.43,72.33,15,0.14,74.4,5,
"2017-08-23 22:35:00-07",6.78,62.45,31,5,70.49,37,0.67,71.42,12,
"2017-08-23 22:40:00-07",6.29,64.92,24,5.43,69.68,19,0.86,70.18,11,
"2017-08-23 22:45:00-07",5.25,62.76,25,0.75,67.79,14,0.5,71.44,9,
"2017-08-23 22:50:00-07",2.63,66.8,10,3.88,67.07,15,0.38,71.22,9,
"2017-08-23 22:55:00-07",3.89,58.42,12,7,65.41,34,0.67,71,11,
"2017-08-23 23:00:00-07",3.78,61.3,10,1.89,65,15,0.78,70.7,10,
"2017-08-23 23:05:00-07",3.7,65.05,21,3.5,68.28,25,1,71.31,16,
"2017-08-23 23:10:00-07",6.43,63.85,20,4,67.4,20,1.86,71.67,18,
"2017-08-23 23:15:00-07",2.2,65.15,13,3.6,65.88,24,1.6,71.86,21,
"2017-08-23 23:20:00-07",3.33,67.67,15,3.33,67.1,21,0.33,73.25,8,
"2017-08-23 23:25:00-07",2.9,58.4,20,2.7,66.75,20,0.6,70.13,15,
"2017-08-23 23:30:00-07",3.33,63.25,4,2.33,67.6,5,0.33,73.75,4,
"2017-08-23 23:35:00-07",8.2,61.76,21,3.4,67.41,17,0.3,71,10,
"2017-08-23 23:40:00-07",7,65.56,27,1,67.94,18,0.89,70.4,15,
"2017-08-23 23:45:00-07",8.6,63.48,23,3.5,67.89,18,0.8,73.25,16,
"2017-08-23 23:50:00-07",7.33,64,18,3.89,66,19,0.44,66.71,7,
"2017-08-23 23:55:00-07",5.9,61.89,19,2.2,65.76,21,2.6,71,25,
