starttime,lane_1_occ,lane_1_spd,lane_1_vol,lane_2_occ,lane_2_spd,lane_2_vol,lane_3_occ,lane_3_spd,lane_3_vol
"2017-08-20 00:00:00-07",0.62,69.38,16,1.62,69.21,29,2.08,61.65,31
"2017-08-20 00:05:00-07",0.3,58.36,11,1.7,70.43,28,0.9,66.17,12
"2017-08-20 00:10:00-07",1.5,67.79,19,2.13,70.05,22,0.5,65,7
"2017-08-20 00:15:00-07",0.09,71.5,4,1,68.63,16,1.82,61.3,10
"2017-08-20 00:20:00-07",0.43,70.41,17,1.5,70.8,35,1.71,66.07,28
"2017-08-20 00:25:00-07",1.18,69.45,22,1,67.09,22,2.09,64.55,22
"2017-08-20 00:30:00-07",0.29,58.5,14,1.43,68.88,32,0.79,62.86,14
"2017-08-20 00:35:00-07",0.18,67.75,8,1.27,68.17,24,3.27,64.9,21
"2017-08-20 00:40:00-07",0.5,72,16,2.93,66.9,39,2.14,65.5,28
"2017-08-20 00:45:00-07",0.82,70.82,17,1,68.89,19,2.55,67.35,23
"2017-08-20 00:50:00-07",1.33,69,29,1.92,70.03,31,1.83,67.63,16
"2017-08-20 00:55:00-07",0.36,68.4,10,2.36,67.23,30,2.27,62,15
"2017-08-20 01:00:00-07",0.36,64.77,13,0.57,67.42,19,0.5,52.9,10
"2017-08-20 01:05:00-07",0.82,66.28,18,2.91,66.13,24,1.27,63.07,14
"2017-08-20 01:10:00-07",0.21,68,13,2.14,67.65,26,3.14,62.05,19
"2017-08-20 01:15:00-07",0.36,70.64,14,1.36,71.39,23,2.09,65.19,16
"2017-08-20 01:20:00-07",0.07,70,5,1.43,70,27,0.71,71,13
"2017-08-20 01:25:00-07",0.18,68.33,9,1.27,70.82,22,2,64.06,18
"2017-08-20 01:30:00-07",0.14,70.29,7,1.14,69.43,28,2.07,63.52,21
"2017-08-20 01:35:00-07",0.82,66.71,17,1.73,67.69,29,3.73,60,27
"2017-08-20 01:40:00-07",0.57,73.46,13,1.14,70.96,26,2.29,65.72,18
"2017-08-20 01:45:00-07",0.18,73,6,1.55,68.43,23,1.91,64.69,13
"2017-08-20 01:50:00-07",0.14,75.71,14,1.29,71.08,26,0.64,64,8
"2017-08-20 01:55:00-07",0.09,62.5,6,0.91,69.47,19,1.36,63.29,14
"2017-08-20 02:00:00-07",0.14,70.86,7,1.57,69.94,31,0.79,61.92,13
"2017-08-20 02:05:00-07",0,72.33,3,0.82,68.25,16,1.27,64.58,12
"2017-08-20 02:10:00-07",0.36,69.08,13,0.93,67.04,23,1.57,60,14
"2017-08-20 02:15:00-07",0.18,70.75,4,1.45,68.15,26,2.55,60.67,12
"2017-08-20 02:20:00-07",0.21,68.69,13,0.57,70.06,18,0.57,66.8,15
"2017-08-20 02:25:00-07",0,69.33,3,0.45,67.79,14,1.36,64.88,16
"2017-08-20 02:30:00-07",0.07,72.78,9,0.29,70.38,13,0.86,63.42,19
"2017-08-20 02:35:00-07",0.55,74.86,7,1.64,64.73,22,1.82,63.54,13
"2017-08-20 02:40:00-07",0.14,69.22,9,0.71,71.21,19,2.36,60,11
"2017-08-20 02:45:00-07",0,68.8,5,0.55,68.5,8,1.82,63.8,15
"2017-08-20 02:50:00-07",0.21,68,10,0.5,65.05,19,2.5,62,16
"2017-08-20 02:55:00-07",0.45,71.42,12,0.64,70.71,14,1.36,66.7,10
"2017-08-20 03:00:00-07",0,71.25,8,0.29,68.77,13,1.5,66.67,15
"2017-08-20 03:05:00-07",0.27,68.5,8,0.73,69.54,13,1.27,67.31,13
"2017-08-20 03:10:00-07",0,67,1,0.64,68,18,1.21,64.19,16
"2017-08-20 03:15:00-07",0,65,1,0.27,69.4,10,0.64,63.8,10
"2017-08-20 03:20:00-07",0,64,1,0.5,68.71,7,0,67,1
"2017-08-20 03:25:00-07",0.18,64.25,8,0.82,67.2,15,0.64,64.64,11
"2017-08-20 03:30:00-07",0.07,53.6,5,0.86,65.8,20,1.29,57,8
"2017-08-20 03:35:00-07",0.18,68.14,7,0.91,68.9,20,1.55,64.13,8
"2017-08-20 03:40:00-07",0.14,74,4,1.36,68.7,23,0.64,68.92,13
"2017-08-20 03:45:00-07",0,69,2,1.2,66,7,2.8,67,8
"2017-08-20 03:50:00-07",0,74.33,6,0.29,70,15,1.14,63.67,15
"2017-08-20 03:55:00-07",0,68.67,3,0.91,67.18,11,2,62.83,12
"2017-08-20 04:00:00-07",0.25,70.4,5,1.13,68.5,12,1.38,64.38,8
"2017-08-20 04:05:00-07",0.27,68.88,8,1.55,69.38,16,2.18,61.25,12
"2017-08-20 04:10:00-07",0,72.75,4,2.38,66.5,12,3.25,60.09,11
"2017-08-20 04:15:00-07",0,64.33,3,1.09,67.33,21,0.82,62.43,7
"2017-08-20 04:20:00-07",0.07,65.8,5,0.86,67.17,12,1.71,61.88,16
"2017-08-20 04:25:00-07",0,67,5,1.55,67.77,26,1.18,65.43,14
"2017-08-20 04:30:00-07",0.5,66.87,15,1.21,67.31,26,2.57,64.67,24
"2017-08-20 04:35:00-07",0,60,1,1.36,67.75,24,0.82,67.38,13
"2017-08-20 04:40:00-07",0.29,69.5,12,0.93,68.86,21,1.79,64.29,14
"2017-08-20 04:45:00-07",0,68.67,3,1,67,16,1.09,36.4,5
"2017-08-20 04:50:00-07",0.29,63.4,10,1.86,66.37,30,1.5,64,11
"2017-08-20 04:55:00-07",0.18,69.33,3,0.64,69.22,18,1.09,58.8,5
"2017-08-20 05:00:00-07",0.29,74,8,1.21,63.21,24,2.29,61.55,22
"2017-08-20 05:05:00-07",0,65.5,4,1.91,67.17,29,1.82,61.42,12
"2017-08-20 05:10:00-07",0.07,71.86,7,0.43,68.67,15,2.36,63,21
"2017-08-20 05:15:00-07",0.36,62,9,1.55,68.91,23,3.45,61.63,16
"2017-08-20 05:20:00-07",0.29,71.62,13,3,68.93,41,1.36,66.52,23
"2017-08-20 05:25:00-07",0.18,68,7,1.27,68.83,24,0.45,67.11,9
"2017-08-20 05:30:00-07",0.29,69.2,10,1.93,68.78,36,1.14,63.5,18
"2017-08-20 05:35:00-07",0.18,69,5,1.45,70.96,23,2.82,63.32,19
"2017-08-20 05:40:00-07",0.36,70.93,15,1.29,69.15,33,2.64,63.35,26
"2017-08-20 05:45:00-07",0.45,71.29,14,2.27,68.11,28,3,63.86,22
"2017-08-20 05:50:00-07",0.93,67.13,24,2.07,70.17,41,3.14,66.53,32
"2017-08-20 05:55:00-07",0.45,69.18,11,1.64,68.92,24,3.55,60.76,25
"2017-08-20 06:00:00-07",0.29,59.27,11,2.71,69.69,45,1.36,67.5,20
"2017-08-20 06:05:00-07",0.64,59.93,15,1.82,71,32,1.82,65.27,22
"2017-08-20 06:10:00-07",0.64,70.21,19,2.43,69.88,41,4.07,66.97,33
"2017-08-20 06:15:00-07",0.82,71.41,17,3.64,69.3,40,1.82,64.72,18
"2017-08-20 06:20:00-07",1.07,70.57,28,3.36,70.49,51,2.36,62.35,26
"2017-08-20 06:25:00-07",1.82,67,33,3.64,69.86,43,2.91,65.69,26
"2017-08-20 06:30:00-07",1.43,69.69,36,4.5,69.55,65,2.14,65.41,34
"2017-08-20 06:35:00-07",1.82,73.11,28,1.82,72.29,31,4.55,66.38,34
"2017-08-20 06:40:00-07",1,71.88,25,3.21,69.96,52,2.43,67.28,25
"2017-08-20 06:45:00-07",1.27,71.84,25,3.09,69.09,33,1.91,68.21,29
"2017-08-20 06:50:00-07",1.57,69.46,35,3.71,70.67,60,2.14,63.78,27
"2017-08-20 06:55:00-07",1.36,70.08,25,3,69.12,42,2.64,63.57,21
"2017-08-20 07:00:00-07",1.36,68.7,30,3.86,69.23,57,6.07,66.33,51
"2017-08-20 07:05:00-07",2.09,68.56,34,4.64,71.34,59,4.91,68.76,25
"2017-08-20 07:10:00-07",2.43,69.13,47,4.93,67.92,72,4.07,63.42,33
"2017-08-20 07:15:00-07",1.64,72.24,29,4.27,70.44,52,2.64,69.04,24
"2017-08-20 07:20:00-07",1,72.07,15,2.75,69.03,32,3,62.24,17
"2017-08-20 07:25:00-07",2.18,70.29,31,5.55,69.7,60,5.18,56.18,45
"2017-08-20 07:30:00-07",2,69.98,41,4.36,69.27,60,3.21,65.97,37
"2017-08-20 07:35:00-07",2.33,68,18,3.67,68.69,26,7.67,63.27,30
"2017-08-20 07:40:00-07",2.29,68.56,43,6.07,70.05,75,4.57,66.25,40
"2017-08-20 07:45:00-07",5.91,69.41,64,5.55,67.41,68,4.64,65.21,34
"2017-08-20 07:50:00-07",2.93,67.46,57,5.5,69.22,72,3.5,66.39,44
"2017-08-20 07:55:00-07",3.27,68.04,45,5.55,68.84,68,5.36,64.3,37
"2017-08-20 08:00:00-07",2.79,68.04,51,4.57,67.71,68,3.86,67.16,45
"2017-08-20 08:05:00-07",3.18,67.09,47,6.45,67.63,76,4.36,66.37,46
"2017-08-20 08:10:00-07",2.71,68.48,50,5.79,68.12,82,4.79,63.07,46
"2017-08-20 08:15:00-07",3.36,69.46,48,4.73,69.13,55,5.91,63.79,48
"2017-08-20 08:20:00-07",3.93,69.32,66,4.43,69.56,68,5.64,64.09,54
"2017-08-20 08:25:00-07",4.73,67.56,55,7.55,66.87,67,6.45,64,52
"2017-08-20 08:30:00-07",5,66.95,83,7.5,67.23,104,4.07,63.04,51
"2017-08-20 08:35:00-07",5.73,66.48,69,8.55,66.38,81,6.09,62.43,30
"2017-08-20 08:40:00-07",2.57,69.49,43,6.29,68.68,93,2.14,67.6,40
"2017-08-20 08:45:00-07",4.36,70.54,61,5.64,69.26,73,4.64,64.05,37
"2017-08-20 08:50:00-07",4.43,69.76,76,4.57,69.15,68,3.93,63.72,53
"2017-08-20 08:55:00-07",6.09,68.86,78,7,68.82,72,3.27,63.5,28
"2017-08-20 09:00:00-07",6.79,66,108,6.64,66.67,94,9.21,60.72,72
"2017-08-20 09:05:00-07",4.09,66.91,54,8.45,66.5,88,6.36,63.37,54
"2017-08-20 09:10:00-07",4.07,69.74,72,6.43,68.41,98,7,63.69,67
"2017-08-20 09:15:00-07",6.82,67.83,84,7.09,68.72,78,6.09,65.27,59
"2017-08-20 09:20:00-07",6.38,66.81,58,7,66.9,60,5.5,61.6,42
"2017-08-20 09:25:00-07",4.82,68.32,66,6.55,67.38,65,6.55,63.84,56
"2017-08-20 09:30:00-07",5.07,68.8,87,8,69.35,112,4.79,64.45,42
"2017-08-20 09:35:00-07",5.91,69.09,70,6.36,67.94,67,5.36,65.12,49
"2017-08-20 09:40:00-07",7.14,68.38,118,9.43,66.97,118,7,62.28,71
"2017-08-20 09:45:00-07",6.73,65.94,85,10.27,66.14,98,8,63.18,74
"2017-08-20 09:50:00-07",7.57,66.9,118,7.86,67.75,116,8.21,63.35,88
"2017-08-20 09:55:00-07",8.36,65.11,104,10.09,66.02,96,7.91,61.66,64
"2017-08-20 10:00:00-07",7.64,65.7,121,8.86,65.5,113,6.64,59.59,61
"2017-08-20 10:05:00-07",9.36,63.88,112,8.09,64.89,94,6.82,62.3,66
"2017-08-20 10:10:00-07",11.14,63.76,157,9.64,65.17,123,10.29,60.31,98
"2017-08-20 10:15:00-07",7.18,67.68,93,6.91,69.33,84,5,63.56,59
"2017-08-20 10:20:00-07",9.86,67.39,155,8.64,68.08,119,7.36,63.55,82
"2017-08-20 10:25:00-07",6.55,66.45,78,6.82,65.44,71,8.55,63.46,71
"2017-08-20 10:30:00-07",9.21,66.9,139,9.86,66.74,115,7.43,65.3,92
"2017-08-20 10:35:00-07",8.45,67.91,107,9.09,67.96,83,8.73,62.46,74
"2017-08-20 10:40:00-07",10.29,64.27,149,8.71,66.31,118,9.14,60.38,85
"2017-08-20 10:45:00-07",8,66.98,103,10.27,67.77,97,8.91,61.22,72
"2017-08-20 10:50:00-07",9.79,65.48,146,8.86,66.34,122,10.21,61.82,110
"2017-08-20 10:55:00-07",9.73,65.8,115,8.55,66.03,91,8.82,61.8,79
"2017-08-20 11:00:00-07",10.71,65.76,157,9.5,65.52,126,8,58.67,75
"2017-08-20 11:05:00-07",12.2,64,65,10.6,62.82,44,11.2,58.71,38
"2017-08-20 11:10:00-07",9.36,65.22,143,9.43,63.88,119,9.07,61.03,98
"2017-08-20 11:15:00-07",8.91,64.34,102,8.36,64.71,84,7.55,61.31,67
"2017-08-20 11:20:00-07",10.29,65.93,149,9.36,65.42,124,9.07,62.12,101
"2017-08-20 11:25:00-07",9.64,64.98,115,9.18,65.82,88,7.73,59.95,65
"2017-08-20 11:30:00-07",8.07,67.64,129,8.57,66.8,123,8.36,63.4,106
"2017-08-20 11:35:00-07",7.27,68.81,91,9.36,68.36,101,6.91,63.11,71
"2017-08-20 11:40:00-07",8.93,64.41,138,9.86,64.76,124,7.86,61.77,106
"2017-08-20 11:45:00-07",11.73,60.24,129,11.91,58.94,99,12.64,52.72,89
"2017-08-20 11:50:00-07",11.36,62.98,161,7.71,63.35,99,9.79,58.58,114
"2017-08-20 11:55:00-07",11.18,63.81,128,10.36,64.67,91,8,60.95,74
"2017-08-20 12:00:00-07",9.07,64.25,133,9.07,63.71,117,7.79,58.56,102
"2017-08-20 12:05:00-07",10.64,61.91,113,9,63.16,85,9.64,59.82,94
"2017-08-20 12:10:00-07",9.14,66.01,140,9.71,65.44,116,8.29,63.04,99
"2017-08-20 12:15:00-07",10.4,61.19,54,8.8,62.68,38,10.2,58,39
"2017-08-20 12:20:00-07",9.64,64.92,145,9.5,63.56,106,6.79,60.36,98
"2017-08-20 12:25:00-07",10.82,63.71,125,10.18,63.53,97,7.18,59.86,72
"2017-08-20 12:30:00-07",9,63.72,135,9.71,62.85,106,11.07,55.97,118
"2017-08-20 12:35:00-07",10.09,63.77,117,7.91,63.94,77,12.45,55.78,93
"2017-08-20 12:40:00-07",8.64,62.91,128,9,64.2,109,10.21,59.25,112
"2017-08-20 12:45:00-07",11,60.55,121,8.45,60.17,82,9.91,59.03,94
"2017-08-20 12:50:00-07",8.79,63.62,130,8.43,62.99,92,7.86,59.91,106
"2017-08-20 12:55:00-07",9.09,61.69,93,9.82,57.12,73,9.27,54.01,76
"2017-08-20 13:00:00-07",10.93,63.31,158,9.93,62.55,114,8.21,61.22,102
"2017-08-20 13:05:00-07",7.91,62.7,91,8.82,61.46,81,8.09,59.08,78
"2017-08-20 13:10:00-07",8.71,63.58,131,8.93,63.38,94,9.86,57.67,98
"2017-08-20 13:15:00-07",8.73,63.67,108,8.64,64.04,83,11.64,57.68,99
"2017-08-20 13:20:00-07",11.57,60.79,159,9.64,61.99,122,9.79,56.51,121
"2017-08-20 13:25:00-07",9.27,62.95,106,7.55,63.79,78,9,55.51,70
"2017-08-20 13:30:00-07",10.36,58.88,145,9.57,59.93,108,11.43,55.81,135
"2017-08-20 13:35:00-07",8.45,63.58,101,8,64.04,81,7.91,60.59,79
"2017-08-20 13:40:00-07",8.79,63.11,134,8.71,60.7,106,10.21,55.05,111
"2017-08-20 13:45:00-07",9.64,60.61,107,11.73,58.96,93,9.64,55.12,85
"2017-08-20 13:50:00-07",8.71,61.32,120,7.86,62.6,95,9.21,59.03,107
"2017-08-20 13:55:00-07",11,59.5,111,11.18,61.31,97,9.55,58.4,81
"2017-08-20 14:00:00-07",9.64,62.68,136,10,63.86,123,9.21,60.81,116
"2017-08-20 14:05:00-07",9.55,62.65,113,8.82,64.92,95,9.36,57.2,85
"2017-08-20 14:10:00-07",8.71,62.55,126,8.5,62.87,101,10.21,55.23,115
"2017-08-20 14:15:00-07",10.91,57.83,112,9.64,60.7,91,9.36,55.12,84
"2017-08-20 14:20:00-07",8.79,59.63,124,8.64,60.75,92,11.43,54.07,118
"2017-08-20 14:25:00-07",9.36,64.61,106,8.55,63.65,80,9.55,58.96,92
"2017-08-20 14:30:00-07",9.79,62.41,140,9.29,64.31,123,11.07,58.78,122
"2017-08-20 14:35:00-07",9.64,59.55,110,10.64,59.51,81,9.82,58.1,99
"2017-08-20 14:40:00-07",8.64,63.65,130,10.79,62.63,110,8.5,59.39,101
"2017-08-20 14:45:00-07",9.27,61.36,103,9.09,62,92,9.45,56.35,82
"2017-08-20 14:50:00-07",8.93,61.78,129,10,62.17,103,8.93,57.99,105
"2017-08-20 14:55:00-07",14,52.67,130,13,53.71,102,10.64,51.9,90
"2017-08-20 15:00:00-07",10.21,59.94,142,9.07,61.15,107,10.29,57.61,109
"2017-08-20 15:05:00-07",9.64,59.21,112,13.09,60.79,101,8.27,57.45,83
"2017-08-20 15:10:00-07",8.64,63.01,130,9.64,62.72,118,8.93,60.13,98
"2017-08-20 15:15:00-07",9.45,60.87,106,9.91,60.44,100,12.45,55.22,101
"2017-08-20 15:20:00-07",10.07,61.54,149,9.21,62.72,123,10.21,56.5,109
"2017-08-20 15:25:00-07",9.82,60.96,111,11.27,62.38,104,10.36,56.92,93
"2017-08-20 15:30:00-07",9.43,62.37,138,9.21,64.02,115,6.64,61.88,85
"2017-08-20 15:35:00-07",7.73,62.13,93,9.91,62.25,91,8.64,59.51,91
"2017-08-20 15:40:00-07",9.07,62.23,128,8.79,63.33,114,7.21,60.57,97
"2017-08-20 15:45:00-07",10.55,61.8,122,8.45,64.52,84,11.64,58.65,101
"2017-08-20 15:50:00-07",10.86,61.54,153,9.43,62.37,117,10.64,58.81,114
"2017-08-20 15:55:00-07",9.55,61.91,103,12,61.44,100,11.09,57.98,98
"2017-08-20 16:00:00-07",9.79,61.48,134,10.14,60.51,115,10.14,55.58,117
"2017-08-20 16:05:00-07",10.55,61.35,118,9.73,60.42,86,9,59.04,81
"2017-08-20 16:10:00-07",8.14,63.1,124,9,63.65,124,10.5,58.58,122
"2017-08-20 16:15:00-07",9.82,66.11,117,9.36,66.34,96,8.55,58.89,84
"2017-08-20 16:20:00-07",10.29,63.23,149,9.14,64.02,120,9.43,58.9,97
"2017-08-20 16:25:00-07",8.64,66.3,111,8.36,65.27,96,7.18,62.46,70
"2017-08-20 16:30:00-07",9.14,66.12,145,9.43,65.74,111,5.93,65.16,83
"2017-08-20 16:35:00-07",10.18,63.74,122,9.36,64.86,103,5.91,62.02,59
"2017-08-20 16:40:00-07",8.5,66.97,130,9.21,66.27,124,10.29,60.94,114
"2017-08-20 16:45:00-07",8.73,67.55,100,8.09,66.41,82,8.82,62.02,93
"2017-08-20 16:50:00-07",7.5,67.67,123,8.57,68.05,117,6.21,63.71,83
"2017-08-20 16:55:00-07",7.73,67.35,92,8.27,64.92,78,5.73,63.32,63
"2017-08-20 17:00:00-07",5.64,69.78,93,6.93,69.45,108,4.21,65.21,63
"2017-08-20 17:05:00-07",7.73,66.87,97,8.73,68.22,88,8.64,60.53,75
"2017-08-20 17:10:00-07",8.57,68.49,144,9.5,68.25,125,7.29,59.98,86
"2017-08-20 17:15:00-07",3.91,69.18,55,6.64,67.85,80,3.64,64,50
"2017-08-20 17:20:00-07",8.14,67.31,134,8,66.84,108,7,62.26,84
"2017-08-20 17:25:00-07",6.82,70.09,89,6.64,69.67,78,5.36,65.19,57
"2017-08-20 17:30:00-07",8.64,69.74,137,7.36,67.96,98,5.86,63.05,82
"2017-08-20 17:35:00-07",8.09,68.46,105,8,68.04,77,9,64.16,91
"2017-08-20 17:40:00-07",6.14,68.32,101,7.79,67.44,103,6.93,65.88,85
"2017-08-20 17:45:00-07",6.18,68.7,71,6.18,67.56,70,6.64,63.06,64
"2017-08-20 17:50:00-07",6.57,68.35,104,8.36,68.32,109,5.93,64.99,80
"2017-08-20 17:55:00-07",8.64,66.34,102,8.09,66.69,88,8.36,60.92,59
"2017-08-20 18:00:00-07",6.36,68.81,106,7.5,67.85,96,7.5,59.53,94
"2017-08-20 18:05:00-07",5.27,70.17,72,7.55,68.95,82,7.45,64.72,68
"2017-08-20 18:10:00-07",8.5,68.85,75,8.13,69.27,71,5.88,65.02,43
"2017-08-20 18:15:00-07",8.18,68.22,104,7.27,68.33,89,7.91,59.35,77
"2017-08-20 18:20:00-07",5.79,70.78,101,7.64,70.19,100,4.36,65.47,68
"2017-08-20 18:25:00-07",6.55,67.51,82,7.91,68.94,83,7.82,63.55,67
"2017-08-20 18:30:00-07",7,69.39,116,7.64,69.41,112,5.07,62.19,68
"2017-08-20 18:35:00-07",8.09,68.23,101,8.64,68.32,85,4.91,64.04,53
"2017-08-20 18:40:00-07",5.14,71.18,94,8.29,70.83,104,5.5,64.35,62
"2017-08-20 18:45:00-07",7.36,65.26,89,7.91,66.62,90,7.36,60.61,66
"2017-08-20 18:50:00-07",7.07,66.56,123,8.21,67.86,106,5.07,62.53,58
"2017-08-20 18:55:00-07",5.36,69.31,75,6.64,69.33,76,4.82,65.25,56
"2017-08-20 19:00:00-07",7.93,66.81,125,7.07,66.59,101,9.07,62.32,87
"2017-08-20 19:05:00-07",6,67.67,82,6.27,67.74,58,4.73,62.9,42
"2017-08-20 19:10:00-07",6.13,67.12,59,6.75,68.24,58,8,63.1,58
"2017-08-20 19:15:00-07",5.64,68.66,79,8.55,68.35,80,4.82,63.02,49
"2017-08-20 19:20:00-07",5.29,68.44,88,7.36,68.42,92,4.5,66.18,66
"2017-08-20 19:25:00-07",4.64,68.66,67,4.55,69.09,53,4.82,65.23,44
"2017-08-20 19:30:00-07",5.57,66.98,87,8.21,66.7,106,5.07,62.63,64
"2017-08-20 19:35:00-07",5.36,67.72,68,6.27,67.78,73,5.45,62.85,52
"2017-08-20 19:40:00-07",5.21,67.68,91,7,68.68,97,7,65.13,78
"2017-08-20 19:45:00-07",4.27,68.75,56,5.64,67.11,61,5.18,62.8,50
"2017-08-20 19:50:00-07",5,68.35,80,5.71,70.05,91,4,65.08,50
"2017-08-20 19:55:00-07",4.27,69.42,60,5.18,67.9,61,8.73,61.65,49
"2017-08-20 20:00:00-07",6.93,66.66,109,7.07,68.56,101,6.21,64.63,68
"2017-08-20 20:05:00-07",6.64,67.21,84,7.09,66.99,73,6.18,63.54,52
"2017-08-20 20:10:00-07",5.43,67.02,89,5.79,67.03,76,4.36,62.59,44
"2017-08-20 20:15:00-07",4.73,65.97,63,5.91,67.09,66,6.82,61.92,51
"2017-08-20 20:20:00-07",7.21,65.85,108,8.64,65.19,109,4.64,59.15,53
"2017-08-20 20:25:00-07",3.45,68.25,48,5,67.92,62,3.27,64,27
"2017-08-20 20:30:00-07",5.07,66.55,84,8,65.52,86,4.21,63.42,57
"2017-08-20 20:35:00-07",4.82,65.09,70,5.45,66.66,64,5.55,61.51,49
"2017-08-20 20:40:00-07",5.21,66.62,89,5.71,65.4,80,5.07,60.61,51
"2017-08-20 20:45:00-07",5.27,65.73,64,6.73,66.44,73,4.09,62.61,41
"2017-08-20 20:50:00-07",4.64,66.45,76,5.5,66.11,82,4.86,63.08,63
"2017-08-20 20:55:00-07",5.45,63.97,70,8.36,63.45,83,4.91,60.96,45
"2017-08-20 21:00:00-07",5.21,66.24,84,6.07,67.78,82,4.43,62.33,48
"2017-08-20 21:05:00-07",4,66.31,51,4,64.44,45,4.64,65.1,40
"2017-08-20 21:10:00-07",5.86,67.55,99,7,66.34,94,5.79,61.25,63
"2017-08-20 21:15:00-07",7,65.69,86,7.27,66.43,75,6.91,62.1,49
"2017-08-20 21:20:00-07",4.57,67.34,76,6.79,66.5,88,4.93,63.57,61
"2017-08-20 21:25:00-07",5.45,67.2,70,6,66.48,65,4.36,62.57,35
"2017-08-20 21:30:00-07",5.21,64.85,85,6.07,66.02,90,5.57,61.87,63
"2017-08-20 21:35:00-07",5.45,67.63,68,6.18,67.14,74,3.45,59.97,30
"2017-08-20 21:40:00-07",3.86,68.05,63,5.71,67.49,73,5.07,64.13,63
"2017-08-20 21:45:00-07",4.55,66.13,62,5.55,65.52,62,3.91,63.91,43
"2017-08-20 21:50:00-07",4.86,66.41,78,4.07,65.92,66,4.93,61.08,52
"2017-08-20 21:55:00-07",3.55,66.69,52,5.18,65.56,63,2.09,57.95,21
"2017-08-20 22:00:00-07",5.57,68.11,91,5.43,67.1,83,5.71,62.28,58
"2017-08-20 22:05:00-07",3.91,66.44,54,4.82,67.23,61,6.36,63.39,41
"2017-08-20 22:10:00-07",5.71,67.04,89,5.86,66.51,71,5.14,55.36,66
"2017-08-20 22:15:00-07",3,68.51,41,4,68.63,49,5.73,64.87,46
"2017-08-20 22:20:00-07",4.21,67.47,74,6.93,65.59,86,5.79,62.08,50
"2017-08-20 22:25:00-07",5.27,65.76,66,5.82,64.88,57,7.09,61.67,42
"2017-08-20 22:30:00-07",3.64,68.77,57,4.64,67.49,67,3.57,62.41,37
"2017-08-20 22:35:00-07",1.27,69.16,25,3,68.37,43,2.73,66.42,36
"2017-08-20 22:40:00-07",2.71,66.74,54,4.57,68,59,4.14,65.52,52
"2017-08-20 22:45:00-07",2.27,69.18,34,4.27,67.96,51,3.36,64.44,32
"2017-08-20 22:50:00-07",3.57,66.79,68,4.79,67,72,5.29,60.42,57
"2017-08-20 22:55:00-07",2.73,69.79,43,3.82,69.47,47,7,62.2,41
"2017-08-20 23:00:00-07",1,65.81,21,3.64,66.53,59,3.64,61.72,36
"2017-08-20 23:05:00-07",0.73,68.63,16,3.91,67.29,42,4.64,51.53,30
"2017-08-20 23:10:00-07",2.07,67.55,42,3.07,66.58,50,2.29,61.87,39
"2017-08-20 23:15:00-07",2.91,66.69,39,3.73,68.89,46,2.91,64.77,26
"2017-08-20 23:20:00-07",1.5,69.25,28,2.14,67.05,37,2.86,65.67,27
"2017-08-20 23:25:00-07",4.64,68.52,62,5.91,64.54,61,5.09,65.26,38
"2017-08-20 23:30:00-07",0.63,68.82,11,2.75,68.75,24,1.38,66,14
"2017-08-20 23:35:00-07",1.27,67.71,24,3.91,67.75,40,3.45,62.57,35
"2017-08-20 23:40:00-07",2.21,69.25,40,4.43,68.56,68,1.43,64.5,26
"2017-08-20 23:45:00-07",1.91,69.93,29,3.91,68.04,54,4.64,60.63,32
"2017-08-20 23:50:00-07",1.21,68.17,29,3.43,66.94,51,1.93,67.7,33
"2017-08-20 23:55:00-07",3,65.93,40,4.91,64.82,55,3.09,62.84,31
"2017-08-21 00:00:00-07",2.14,65.3,43,4.21,69.58,65,2.64,59.32,31
"2017-08-21 00:05:00-07",1.1,69.42,19,2.2,67.86,28,3.2,62.09,23
"2017-08-21 00:10:00-07",2.57,69.6,45,3.64,70.35,63,2.36,64.89,27
"2017-08-21 00:15:00-07",1.18,68.95,21,3.73,68.6,47,3.27,62,23
"2017-08-21 00:20:00-07",1.79,68.39,38,4.14,68.62,65,1.93,67.93,28
"2017-08-21 00:25:00-07",1.82,70.14,28,3.91,70.94,51,2.91,66.17,35
"2017-08-21 00:30:00-07",3.07,69.17,58,3.86,69.26,68,2.5,65.39,28
"2017-08-21 00:35:00-07",1.64,68.86,28,2.91,68.55,42,1.45,63.5,18
"2017-08-21 00:40:00-07",0.75,70.83,12,2.13,69,24,1.13,62.7,10
"2017-08-21 00:45:00-07",2.36,69.62,37,2.82,67.51,35,3.73,64.12,25
"2017-08-21 00:50:00-07",0.64,68.17,23,2.57,68.24,46,2,64.39,28
"2017-08-21 00:55:00-07",0.91,66.16,19,3.36,64.51,41,1.55,65.32,22
"2017-08-21 01:00:00-07",2.14,67.7,43,4,66.96,57,3.71,59.94,31
"2017-08-21 01:05:00-07",2.18,69.44,32,4.91,68.55,58,2.91,62.84,31
"2017-08-21 01:10:00-07",2.43,68.11,47,4.07,67.05,59,1.86,66.28,25
"2017-08-21 01:15:00-07",1.82,68.24,29,3.45,66.81,42,2.27,64.7,20
"2017-08-21 01:20:00-07",1.07,71.26,27,2.36,68.74,46,3.36,66.15,34
"2017-08-21 01:25:00-07",0.91,66.5,12,2.36,66.52,29,1,67.55,20
"2017-08-21 01:30:00-07",1.22,67.12,17,1.67,67.44,18,3.11,67.21,29
"2017-08-21 01:35:00-07",1.45,68.52,27,3.36,69.05,38,1.45,68.18,22
"2017-08-21 01:40:00-07",1.36,70.07,29,3.07,68.24,49,2.07,64.15,27
"2017-08-21 01:45:00-07",1,69,16,2,67.76,34,2.82,65.08,26
"2017-08-21 01:50:00-07",0.5,69.35,17,2.14,68.27,33,2.57,61,19
"2017-08-21 01:55:00-07",0.09,65.89,9,4,67.68,40,1.82,62.84,19
"2017-08-21 02:00:00-07",0.43,71.25,16,1.79,68.55,33,2.14,63.52,25
"2017-08-21 02:05:00-07",2,66.31,29,1.91,69.23,26,2.73,64.64,25
"2017-08-21 02:10:00-07",2,66.98,40,2.5,64.05,41,1.29,66.82,28
"2017-08-21 02:15:00-07",0.36,65.5,12,4.45,68.18,44,2.18,66.5,26
"2017-08-21 02:20:00-07",1,64.14,28,3.29,67.78,49,2,63.92,26
"2017-08-21 02:25:00-07",1,67.5,18,3.27,66.92,37,3.64,62.09,34
"2017-08-21 02:30:00-07",2.07,67.39,38,4,66.73,63,4.07,62.77,31
"2017-08-21 02:35:00-07",1.09,63.75,24,3.73,68.33,46,3.09,64.62,26
"2017-08-21 02:40:00-07",0.93,68.89,27,2.07,66.45,44,2.29,63.91,23
"2017-08-21 02:45:00-07",2.73,68.55,38,4.45,68.49,41,2.55,65.03,30
"2017-08-21 02:50:00-07",1.57,67.3,30,4.07,66.79,66,2.5,64,28
"2017-08-21 02:55:00-07",1.64,66.79,28,4.55,66.84,51,4.18,64.13,24
"2017-08-21 03:00:00-07",0.93,68.62,26,2.93,67.16,51,1.71,63.38,34
"2017-08-21 03:05:00-07",3.18,65.4,40,5.36,66.74,62,3.73,63.97,31
"2017-08-21 03:10:00-07",2.29,67.59,46,3.93,69.38,61,2.93,63,31
"2017-08-21 03:15:00-07",1.09,68.7,23,3.45,68,40,3.09,62.48,23
"2017-08-21 03:20:00-07",2.86,65.91,53,4.14,66.62,61,2.57,63.03,32
"2017-08-21 03:25:00-07",3.82,68.53,51,5.55,67.03,67,2.82,64.08,26
"2017-08-21 03:30:00-07",3.5,64.98,59,6.64,64.93,84,3.29,62.44,43
"2017-08-21 03:35:00-07",6.55,64.36,77,6.36,66.7,79,5.18,61.61,36
"2017-08-21 03:40:00-07",4.43,67.16,74,4.86,67.21,72,3.29,64.6,40
"2017-08-21 03:45:00-07",3,65.12,43,5.73,64.37,62,4.36,59.43,35
"2017-08-21 03:50:00-07",3.86,67.82,68,5.71,66.56,81,3.36,60.67,45
"2017-08-21 03:55:00-07",7.09,63.3,84,7.64,64.22,87,4.45,60.95,42
"2017-08-21 04:00:00-07",5.14,64.65,79,6.43,65.73,96,5.5,64.08,63
"2017-08-21 04:05:00-07",6.09,65.12,73,5.91,64.2,61,6.27,63.12,52
"2017-08-21 04:10:00-07",5.86,63.68,92,7.36,64.67,105,5.21,62.9,61
"2017-08-21 04:15:00-07",10.36,61.19,118,9,61.89,92,9,60.55,65
"2017-08-21 04:20:00-07",7.93,65.77,117,7.5,65.55,104,5.93,62.57,63
"2017-08-21 04:25:00-07",10.27,61.56,116,8,61.93,87,6.45,61.4,63
"2017-08-21 04:30:00-07",10.13,63.63,86,9,64.69,70,8.38,61.09,46
"2017-08-21 04:35:00-07",11,60.2,121,9.91,60.56,95,8.18,58.49,63
"2017-08-21 04:40:00-07",11.29,59.26,157,11.21,59.16,133,8.43,59.86,108
"2017-08-21 04:45:00-07",12.64,57.9,135,11.36,58.69,100,6.91,59.91,66
"2017-08-21 04:50:00-07",12.5,57.58,167,11,58.19,136,8.5,57.45,94
"2017-08-21 04:55:00-07",9.73,58.69,102,10.91,58.12,99,7.09,58.78,74
"2017-08-21 05:00:00-07",10.86,55.23,136,10.5,55.52,124,10.29,54.81,112
"2017-08-21 05:05:00-07",11.73,56.58,125,10.18,56.85,101,10.82,55.96,93
"2017-08-21 05:10:00-07",12.64,54.87,156,11.29,54.68,134,12.5,53.22,95
"2017-08-21 05:15:00-07",12.27,54.24,123,13.82,53.01,117,12.18,51.24,103
"2017-08-21 05:20:00-07",10.79,52.6,137,9.21,52.55,110,11.43,51.45,112
"2017-08-21 05:25:00-07",12.18,50.79,107,10.27,53,91,10.36,51.47,86
"2017-08-21 05:30:00-07",12.71,51.4,149,11.93,51.33,126,12.43,50.65,130
"2017-08-21 05:35:00-07",11.5,50.36,58,9.83,49.84,45,10,48.88,42
"2017-08-21 05:40:00-07",13.71,47.33,147,13.21,47.48,122,12.29,46.25,113
"2017-08-21 05:45:00-07",18.09,34.7,108,16.73,36.91,94,22.36,32.88,81
"2017-08-21 05:50:00-07",18.17,33.24,119,18.08,33.91,107,17.75,33.48,96
"2017-08-21 05:55:00-07",22.09,28.97,111,19.18,31.95,101,18.36,31.92,96
"2017-08-21 06:00:00-07",16.64,34.79,133,17,33.88,115,19.71,33.29,115
"2017-08-21 06:05:00-07",12.45,46.6,106,12.82,46.76,98,10.36,46.56,81
"2017-08-21 06:10:00-07",17,33.61,130,16.29,36.92,119,18.07,34.5,115
"2017-08-21 06:15:00-07",12.91,47.37,108,12.18,49.47,96,12.55,46.35,88
"2017-08-21 06:20:00-07",8.5,62.28,124,7.5,61.98,97,6.57,57.34,88
"2017-08-21 06:25:00-07",11,56.05,114,7.82,58.71,78,9.73,56.9,81
"2017-08-21 06:30:00-07",15.14,37.74,130,15.79,37.02,107,19.43,36.54,126
"2017-08-21 06:35:00-07",23.73,20.36,88,22.36,21.97,78,33.82,16.16,81
"2017-08-21 06:40:00-07",17.5,28.47,116,22.14,27.55,119,33.43,17.6,111
"2017-08-21 06:45:00-07",22.91,24.46,103,26.91,22.43,89,33.27,20.23,73
"2017-08-21 06:50:00-07",21.79,24.11,123,25,23.38,104,36.71,17.77,132
"2017-08-21 06:55:00-07",16.18,29.91,86,16.55,30.89,88,31.82,25.25,110
"2017-08-21 07:00:00-07",12.71,38.42,118,15.71,36.82,112,20.07,31.17,131
"2017-08-21 07:05:00-07",14.64,37.14,99,16.09,36.65,92,22.27,29.62,100
"2017-08-21 07:10:00-07",15.57,38.58,138,17.07,36.69,113,26.43,25.69,124
"2017-08-21 07:15:00-07",12.18,41.55,91,16,38.67,90,22.27,30.09,86
"2017-08-21 07:20:00-07",15.79,34.54,124,18.36,33.79,121,29.43,24.02,123
"2017-08-21 07:25:00-07",21.64,24.43,91,22.36,26.91,90,35.27,19.68,94
"2017-08-21 07:30:00-07",15.71,30.69,110,23.21,28.38,122,27.57,22.85,123
"2017-08-21 07:35:00-07",17.27,34.53,103,18.27,32.83,88,29.64,24.04,109
"2017-08-21 07:40:00-07",16.07,32.37,122,18.86,29.96,113,33.29,19.05,114
"2017-08-21 07:45:00-07",16,33.17,96,19.64,31.3,87,30.55,23,104
"2017-08-21 07:50:00-07",19.86,32.04,149,15.86,35.17,112,23.57,31,141
"2017-08-21 07:55:00-07",15.55,38.58,108,14.91,34.46,78,24.09,30.33,102
"2017-08-21 08:00:00-07",11.21,50.76,132,12.5,50.54,119,13,47.31,124
"2017-08-21 08:05:00-07",14.64,39.89,113,20.55,34.43,96,31.45,21.19,94
"2017-08-21 08:10:00-07",17,33.77,134,20.21,30.14,118,29.64,23.45,127
"2017-08-21 08:15:00-07",16.91,33.63,106,20.09,33.18,94,29.09,23.82,110
"2017-08-21 08:20:00-07",15.64,33.31,123,16.07,30.75,100,30.21,20.23,126
"2017-08-21 08:25:00-07",16.82,29.65,92,19.73,29.66,100,34.27,18.4,90
"2017-08-21 08:30:00-07",14.88,34.78,69,14.75,35.8,60,34.25,23.38,73
"2017-08-21 08:35:00-07",18.82,31.83,106,20.82,30.22,92,31.18,21.65,95
"2017-08-21 08:40:00-07",16.79,33.13,128,22,31.28,115,31.71,22.26,136
"2017-08-21 08:45:00-07",17.73,33.38,110,24.09,29.96,93,32.27,20.77,104
"2017-08-21 08:50:00-07",15.93,36.39,135,16.79,35.58,117,30.29,22.84,134
"2017-08-21 08:55:00-07",17.73,32.89,104,22.18,30.56,90,32.27,19.38,86
"2017-08-21 09:00:00-07",15.86,33.21,125,18.71,32.82,124,31.29,21.83,123
"2017-08-21 09:05:00-07",16.27,35.03,105,21.18,31.13,84,33.73,22.33,93
"2017-08-21 09:10:00-07",14.63,36.32,73,18.5,36.24,58,34.38,20.92,73
"2017-08-21 09:15:00-07",15.55,36.33,108,18.18,33.45,96,36.82,21.13,89
"2017-08-21 09:20:00-07",4.14,70.12,69,6,67.45,76,3.79,65.18,57
"2017-08-21 09:25:00-07",3.55,72.17,48,6.36,71.31,75,6.45,64.23,48
"2017-08-21 09:30:00-07",2.21,73.71,49,3.79,71.07,61,4.43,66.77,47
"2017-08-21 09:35:00-07",3.4,70.3,23,6.2,67.68,31,6.6,63.26,23
"2017-08-21 09:40:00-07",2.79,71.74,62,4.64,69.02,65,4.5,66.64,44
"2017-08-21 09:45:00-07",2.09,70.41,34,3.55,70.26,38,3.27,65.12,25
"2017-08-21 09:50:00-07",1,73.37,27,4.36,71.67,61,2,68.45,31
"2017-08-21 09:55:00-07",1,70.8,25,5.82,73.6,50,2.91,65.1,29
"2017-08-21 10:00:00-07",1.5,70.85,33,4.79,70.82,56,4.07,64.03,39
"2017-08-21 10:05:00-07",0.91,69.65,20,3,69,31,2.36,66.67,24
"2017-08-21 10:10:00-07",0.43,63,15,3.5,65.13,31,3.79,56.68,28
"2017-08-21 10:15:00-07",0,68.2,5,1.45,72.4,15,2.82,61,15
"2017-08-21 10:20:00-07",0.14,71.71,7,1.79,67.83,24,3.07,52.12,25
"2017-08-21 10:25:00-07",0,68.88,8,0.45,73,11,2.45,55,16
"2017-08-21 10:30:00-07",0.14,75.33,6,1.43,68.7,20,3.64,59.9,39
"2017-08-21 10:35:00-07",0,70,4,0.91,72.94,16,2.91,63.37,19
"2017-08-21 10:40:00-07",0.71,70.55,22,1.64,68.62,21,4.43,63.48,29
"2017-08-21 10:45:00-07",0.18,70.67,9,2.73,69.07,27,2.82,64.82,28
"2017-08-21 10:50:00-07",0.14,70.94,16,3,67.97,39,3.64,64.89,28
"2017-08-21 10:55:00-07",0,68,3,2.45,69.1,29,3,66.73,22
"2017-08-21 11:00:00-07",0.25,66.4,10,3.38,69.84,19,6.38,63.96,23
"2017-08-21 11:05:00-07",1.27,69.55,20,4.09,67.41,27,4.27,62.36,25
"2017-08-21 11:10:00-07",0.71,67.3,20,2.21,70.19,31,3.71,63.89,37
"2017-08-21 11:15:00-07",0.33,71.5,8,2.33,67.57,14,3.5,64.5,8
"2017-08-21 11:20:00-07",0.38,69.45,11,4.38,67.48,27,2.63,63.33,12
"2017-08-21 11:25:00-07",0.45,65.71,14,2.64,68.96,28,3.27,64.65,23
"2017-08-21 11:30:00-07",1.64,66.68,31,4,66.71,34,2,59.13,24
"2017-08-21 11:35:00-07",0.64,66.75,16,3.27,68.86,29,5.45,63.07,30
"2017-08-21 11:40:00-07",1.83,67.7,30,5.5,65,37,3.67,62.67,27
"2017-08-21 11:45:00-07",0.64,70.56,18,3.73,66.55,31,2.36,63.79,19
"2017-08-21 11:50:00-07",0,68.4,5,2.75,67.48,21,5.88,61.63,16
"2017-08-21 11:55:00-07",0.91,68.26,19,4,69.19,47,6.55,61.67,30
"2017-08-21 12:00:00-07",0.79,68.06,18,2.21,65,35,2.64,66.97,33
"2017-08-21 12:05:00-07",1.36,71.85,27,4.18,69.36,44,4.91,63.82,28
"2017-08-21 12:10:00-07",0.93,70.24,21,3.29,66.81,42,4,64.2,40
"2017-08-21 12:15:00-07",0.91,67.37,19,3.36,71.06,31,5.09,64.29,28
"2017-08-21 12:20:00-07",1.14,67.11,27,4.43,69.18,51,3.86,69.97,29
"2017-08-21 12:25:00-07",0.36,65.63,8,1.73,64.26,23,5.55,61.34,35
"2017-08-21 12:30:00-07",2.36,62.55,38,6.93,58.06,51,1.79,53.77,31
"2017-08-21 12:35:00-07",3.91,59.52,44,8.18,58.11,47,0.82,51.64,11
"2017-08-21 12:40:00-07",3.57,62.16,58,11,61.94,65,3.14,55.5,28
"2017-08-21 12:45:00-07",0.45,66.09,11,2,67.72,25,3.64,60.95,21
"2017-08-21 12:50:00-07",1.14,68.46,24,4.71,63.28,40,4.79,63.49,41
"2017-08-21 12:55:00-07",1,68.13,16,5.18,65.9,39,2.82,61.06,17
"2017-08-21 13:00:00-07",0.5,67.71,17,1.93,67.3,30,4.29,62.97,37
"2017-08-21 13:05:00-07",0.18,67.3,10,4.91,67.69,32,5.64,57.6,47
"2017-08-21 13:10:00-07",0.64,69.14,21,2.29,66.14,36,4.57,63.29,42
"2017-08-21 13:15:00-07",1.82,69.48,31,4.27,68.97,39,5.27,62.42,33
"2017-08-21 13:20:00-07",0.93,71.22,23,3.29,71.23,44,3.36,64.65,26
"2017-08-21 13:25:00-07",1,72.04,26,2.55,71.82,34,7.18,62,31
"2017-08-21 13:30:00-07",1.36,71.4,30,4.21,68,44,5.07,62.32,28
"2017-08-21 13:35:00-07",1.64,70.17,24,2.73,67.94,32,4.45,63.89,38
"2017-08-21 13:40:00-07",0.88,69.23,13,2.13,70.08,24,1.5,64.27,15
"2017-08-21 13:45:00-07",0.82,68.78,18,3.36,67.91,34,4,64.31,29
"2017-08-21 13:50:00-07",1.36,70.35,34,5.43,68.96,54,4.14,63.06,32
"2017-08-21 13:55:00-07",2.18,73.16,37,4.09,66.93,28,5.55,59.96,27
"2017-08-21 14:00:00-07",1.29,71.97,33,3.21,69.56,41,3.71,63.73,44
"2017-08-21 14:05:00-07",2.09,68.69,29,3.82,66.63,35,5.82,60.07,30
"2017-08-21 14:10:00-07",1.21,68.19,27,3.79,68.21,43,6.29,62.77,44
"2017-08-21 14:15:00-07",2.18,65.9,31,3.91,68.76,42,1.82,65.17,23
"2017-08-21 14:20:00-07",3.43,67.48,56,7.21,63.87,55,6.43,62.11,44
"2017-08-21 14:25:00-07",0.73,68.53,15,2.27,68.37,35,5.36,62.18,34
"2017-08-21 14:30:00-07",0.86,70.45,20,4.64,69.02,51,6.86,61.44,55
"2017-08-21 14:35:00-07",1.64,69.8,25,3.36,70.29,34,6.45,62.59,44
"2017-08-21 14:40:00-07",3.5,66.55,29,7.13,67.05,37,8.5,59.39,36
"2017-08-21 14:45:00-07",2.91,67.44,39,7.64,66.88,51,8,60.1,51
"2017-08-21 14:50:00-07",2,64.85,39,5.86,64.92,65,3.14,65.34,38
"2017-08-21 14:55:00-07",0.73,64.88,16,2.82,66.12,34,1.91,66.69,26
"2017-08-21 15:00:00-07",2.21,68.33,45,6.07,64.63,60,1.93,65.41,29
"2017-08-21 15:05:00-07",2.18,63,31,6.82,63.07,43,6.64,59.51,45
"2017-08-21 15:10:00-07",3.5,61.75,56,7.86,61.62,55,2.07,60.7,40
"2017-08-21 15:15:00-07",1,62.67,21,6.73,58.68,38,3.73,55.57,37
"2017-08-21 15:20:00-07",1.64,63.74,31,4.71,62.63,46,6.21,57.62,53
"2017-08-21 15:25:00-07",1.73,69.31,29,4.36,68.18,44,6.91,61.86,43
"2017-08-21 15:30:00-07",2.29,67.52,46,6.64,66.14,72,8,60.12,69
"2017-08-21 15:35:00-07",0.91,71.23,22,4,67.22,41,5.82,59.88,51
"2017-08-21 15:40:00-07",3.5,67.23,39,5,66.83,36,7.38,59.16,37
"2017-08-21 15:45:00-07",2.91,69.69,45,5.55,68.77,44,6.18,61.43,46
"2017-08-21 15:50:00-07",1.64,70.05,40,4.79,69.88,67,4.21,66.67,46
"2017-08-21 15:55:00-07",2.45,70.62,39,5,68.95,42,8.82,63.27,52
"2017-08-21 16:00:00-07",1.64,69.91,33,5,68.89,53,5.43,62.62,55
"2017-08-21 16:05:00-07",2.55,69.57,37,6,68.21,48,4.55,65.04,48
"2017-08-21 16:10:00-07",3.36,69.61,59,5.36,69.58,64,6.64,62.71,62
"2017-08-21 16:15:00-07",3.55,70.02,52,6.09,70.18,56,7.45,62.56,55
"2017-08-21 16:20:00-07",3.43,68.87,69,6.36,65.37,63,7.64,63.63,64
"2017-08-21 16:25:00-07",2.82,70.3,43,3.73,69.69,35,7,59.71,42
"2017-08-21 16:30:00-07",1.93,68.89,38,4.14,69.92,52,5.64,61.38,60
"2017-08-21 16:35:00-07",2.36,70.2,41,7.09,67.38,42,6,64.61,41
"2017-08-21 16:40:00-07",2.07,70.22,37,5.5,71.5,72,4.43,65.75,67
"2017-08-21 16:45:00-07",1.64,73.31,29,4.45,69.15,52,5.82,61.59,51
"2017-08-21 16:50:00-07",2.21,67.76,42,4.07,68.84,45,6.5,63.15,66
"2017-08-21 16:55:00-07",0.64,73.71,17,3.82,67.92,37,4.45,64.56,34
"2017-08-21 17:00:00-07",1.36,63.97,33,5.43,66.65,55,6.93,61.97,63
"2017-08-21 17:05:00-07",1.82,68.17,29,4.82,67,42,5.27,65.11,45
"2017-08-21 17:10:00-07",2.07,69.22,46,3.86,70.71,58,6.64,67.14,70
"2017-08-21 17:15:00-07",1.55,72,24,2.27,72.44,36,3.45,65.84,37
"2017-08-21 17:20:00-07",2.57,70.09,47,5.14,67.82,56,6.14,62.06,69
"2017-08-21 17:25:00-07",1.73,69.93,28,4.27,71.05,42,5.18,65.69,45
"2017-08-21 17:30:00-07",2,72.2,41,4.36,69.91,56,4.71,64.9,63
"2017-08-21 17:35:00-07",2.18,68.35,34,5.82,67.67,49,6.18,60.7,43
"2017-08-21 17:40:00-07",1.43,69.67,30,3.86,70.91,46,4.43,63.88,52
"2017-08-21 17:45:00-07",2.45,70,42,2.09,69.67,33,4.73,65.85,40
"2017-08-21 17:50:00-07",1.43,68.86,28,2.71,67.68,38,3.71,64.32,38
"2017-08-21 17:55:00-07",0.91,67.81,21,2.82,66.09,35,3.45,66.56,41
"2017-08-21 18:00:00-07",1.5,67.84,32,2.86,68.95,38,5.71,63.39,46
"2017-08-21 18:05:00-07",1.18,70.39,18,4,69.71,35,4.45,68.29,35
"2017-08-21 18:10:00-07",1.07,70.68,25,2.93,70.97,36,1.86,66,36
"2017-08-21 18:15:00-07",1.73,70.81,31,3.91,68.97,30,4.73,65.76,38
"2017-08-21 18:20:00-07",1.57,70.24,37,3.64,68.22,49,4.71,62.82,44
"2017-08-21 18:25:00-07",1.55,69.1,31,2.27,69.35,23,7.91,64.6,60
"2017-08-21 18:30:00-07",1.43,71.61,33,4.21,68.42,48,3.21,64.69,32
"2017-08-21 18:35:00-07",0.73,70.88,16,3.36,69,43,3.64,62.86,43
"2017-08-21 18:40:00-07",1.36,68.2,30,2.57,68.68,34,3.86,61.49,45
"2017-08-21 18:45:00-07",0.82,70.95,19,1.82,71.06,31,2.18,64.77,22
"2017-08-21 18:50:00-07",1.64,68.83,36,3.64,71.2,51,2.43,67.31,32
"2017-08-21 18:55:00-07",0.73,70.88,16,2,74.32,25,3.36,59.52,21
"2017-08-21 19:00:00-07",1.79,70.37,35,3.57,69.85,46,4.07,65.29,42
"2017-08-21 19:05:00-07",0.55,69.77,13,1.82,69,27,2.27,64.42,31
"2017-08-21 19:10:00-07",0.36,68.73,11,2.79,69.16,31,5.07,57.56,45
"2017-08-21 19:15:00-07",1.36,68.33,24,5.91,67.15,40,6.27,61.79,33
"2017-08-21 19:20:00-07",1.29,69.85,34,4.29,71.2,46,5,61.83,47
"2017-08-21 19:25:00-07",0.55,70,12,1.82,70.13,31,0.91,51.22,23
"2017-08-21 19:30:00-07",0.86,70.88,24,1.71,71.88,26,4.5,65.39,41
"2017-08-21 19:35:00-07",0.36,70.73,11,3.36,69.47,30,4.36,62.83,24
"2017-08-21 19:40:00-07",1.5,69.29,24,3.71,71.78,51,4.93,63.81,37
"2017-08-21 19:45:00-07",1.5,70.5,12,3.5,72.56,25,4,62.5,14
"2017-08-21 19:50:00-07",0.79,70.85,20,2.14,69.68,31,2.5,63.5,34
"2017-08-21 19:55:00-07",0.55,72.2,15,1.91,70.5,28,4.73,63.03,29
"2017-08-21 20:00:00-07",1,70.04,24,3.14,67.31,32,3.36,59.64,25
"2017-08-21 20:05:00-07",1.45,69,26,2.36,67.63,32,2.91,61.92,26
"2017-08-21 20:10:00-07",1.14,70.18,28,4.93,69.62,50,4.64,60.78,32
"2017-08-21 20:15:00-07",1,74.39,23,1.09,70.5,20,5.18,60.32,31
"2017-08-21 20:20:00-07",0.57,55.95,19,2.71,68.78,40,2.64,64.4,30
"2017-08-21 20:25:00-07",0.55,71,15,1.82,69.93,30,4.09,63.35,31
"2017-08-21 20:30:00-07",1.21,66.54,26,2.43,68.33,39,3.21,60.62,39
"2017-08-21 20:35:00-07",0.09,71.17,12,2.27,68.66,29,3.09,61.67,24
"2017-08-21 20:40:00-07",0.57,68.67,21,1.5,68.89,27,2.07,64,32
"2017-08-21 20:45:00-07",1,67.05,20,1.55,64.65,23,2.36,63.38,24
"2017-08-21 20:50:00-07",1.5,69.03,32,2.93,64.89,27,6.07,60.52,50
"2017-08-21 20:55:00-07",0.36,68.55,11,2.27,66.76,25,3.64,61.1,29
"2017-08-21 21:00:00-07",1.21,63.74,27,3.14,66.46,39,2.71,61.41,29
"2017-08-21 21:05:00-07",0.45,69.58,12,2.73,68.32,28,2.45,61.21,14
"2017-08-21 21:10:00-07",1.21,61.69,29,2.29,67.28,25,3.57,62.25,40
"2017-08-21 21:15:00-07",0.82,69.21,19,2,67.05,20,4.64,60.28,29
"2017-08-21 21:20:00-07",0.14,68.83,12,2.43,67.37,30,3.07,61.45,31
"2017-08-21 21:25:00-07",0.73,68.08,13,2.82,66.73,30,3.09,53.62,21
"2017-08-21 21:30:00-07",0.93,71.15,27,4.07,67.5,46,4,62.92,36
"2017-08-21 21:35:00-07",0.91,68.1,20,2.36,67.14,28,3.55,61.48,33
"2017-08-21 21:40:00-07",0.75,67.93,14,1.88,69.48,21,3.63,63.75,12
"2017-08-21 21:45:00-07",0.91,69.22,18,2.82,69,32,4.09,64.61,23
"2017-08-21 21:50:00-07",0.71,69.8,20,2.64,69.5,44,5.43,64.33,24
"2017-08-21 21:55:00-07",0.73,68.85,13,1.09,66.95,20,3.64,62.79,14
"2017-08-21 22:00:00-07",0.71,67.29,21,2.21,66.93,27,3.71,60.82,28
"2017-08-21 22:05:00-07",0.73,69.47,19,1.73,70.91,22,3.73,59.68,19
"2017-08-21 22:10:00-07",0.43,69.18,11,0.71,69.14,21,3.21,60.69,26
"2017-08-21 22:15:00-07",1,65.71,21,2.27,62.76,21,4.91,59.85,26
"2017-08-21 22:20:00-07",0.43,68.28,18,1,71.05,20,3.29,64.74,27
"2017-08-21 22:25:00-07",0.82,70.5,16,2.18,64.08,24,4.73,59.56,27
"2017-08-21 22:30:00-07",0.5,68.41,17,1.5,66.67,18,4.29,61.62,29
"2017-08-21 22:35:00-07",0.91,69.81,21,2.64,66.93,28,3.73,63,21
"2017-08-21 22:40:00-07",0.43,71.16,19,2.21,72.59,39,2.64,57.71,17
"2017-08-21 22:45:00-07",0.45,70.36,11,1.18,69.24,17,1.91,60.79,14
"2017-08-21 22:50:00-07",0.64,67.96,23,3,69.3,37,3.29,46.88,26
"2017-08-21 22:55:00-07",0.64,69.45,11,0.27,70.42,12,3.18,62.94,16
"2017-08-21 23:00:00-07",0.07,69.71,7,1.14,68.95,22,3.79,64,20
"2017-08-21 23:05:00-07",0,70.17,6,1.45,66.85,20,4.36,60.81,16
"2017-08-21 23:10:00-07",0.21,73,9,0.93,68.05,20,4.36,63.88,33
"2017-08-21 23:15:00-07",0,71.75,4,1.64,65.29,24,1.18,70,14
"2017-08-21 23:20:00-07",0.29,71.73,11,2.07,69.96,27,1.71,57.41,22
"2017-08-21 23:25:00-07",0.36,69.8,10,3,67.04,26,4.09,65.54,26
"2017-08-21 23:30:00-07",0.36,59.56,16,1.71,66,25,2,61,14
"2017-08-21 23:35:00-07",0.09,70,6,1.64,67.2,15,1.18,61.78,9
"2017-08-21 23:40:00-07",0.07,51.5,8,0.5,62.59,17,1.43,63.08,13
"2017-08-21 23:45:00-07",0.18,71.4,10,0.91,67.71,14,2.27,65.62,13
"2017-08-21 23:50:00-07",0.14,68,8,0.71,68.33,12,3.29,50.42,24
"2017-08-21 23:55:00-07",0.18,71,10,1.27,66,16,3.18,61.94,17
"2017-08-22 00:00:00-07",0,71.88,8,1.38,68.05,21,5.46,62.53,30
"2017-08-22 00:05:00-07",0,70,4,1.7,68.88,17,3.3,60.94,17
"2017-08-22 00:10:00-07",0.29,66.64,11,2.93,70.48,23,4,62.83,24
"2017-08-22 00:15:00-07",0,70,4,0.91,71.77,13,0.55,61.4,5
"2017-08-22 00:20:00-07",0,74.25,4,0.86,69.06,16,1.43,64.69,13
"2017-08-22 00:25:00-07",0.18,71.43,7,1,68.79,14,2.18,59.33,9
"2017-08-22 00:30:00-07",0.43,69.46,13,0.5,68.85,13,3.36,60.74,19
"2017-08-22 00:35:00-07",0.18,61.83,6,0.64,68.2,10,0.09,53.4,5
"2017-08-22 00:40:00-07",0,68.5,4,1.71,68,15,2.14,59.31,13
"2017-08-22 00:45:00-07",0,70.56,9,1.09,67.63,16,4.45,64.48,21
"2017-08-22 00:50:00-07",0,67.33,3,0.71,62.4,5,1.71,61.08,12
"2017-08-22 00:55:00-07",0,69,5,1.18,67.25,12,3.82,56.11,18
"2017-08-22 01:00:00-07",0,,0,0.29,64.67,3,2,57.69,13
"2017-08-22 01:05:00-07",0.18,66,3,0.64,68.25,8,2.91,62.69,13
"2017-08-22 01:10:00-07",0,67,2,0.36,66.09,11,1.5,61.7,10
"2017-08-22 01:15:00-07",0.36,65.71,7,0.91,62.67,6,2.73,63.43,14
"2017-08-22 01:20:00-07",0.07,67.8,5,0.14,67.4,5,1.79,64.18,17
"2017-08-22 01:25:00-07",0.27,67.56,9,0.73,65.14,7,4.09,61.92,12
"2017-08-22 01:30:00-07",0,,0,1.5,66.86,7,1.75,62.75,4
"2017-08-22 01:35:00-07",0,71,4,2.09,65.47,15,3.45,58.55,11
"2017-08-22 01:40:00-07",0,68,1,1.29,70.35,17,1.21,56.5,8
"2017-08-22 01:45:00-07",0,66,1,0.73,64.13,8,3.73,61.62,13
"2017-08-22 01:50:00-07",0,69,4,0.5,71.4,10,1,62.7,10
"2017-08-22 01:55:00-07",0,69,2,1.82,64.5,8,0.73,67.5,4
"2017-08-22 02:00:00-07",0,72.5,2,0.5,61.25,4,2.43,61.08,13
"2017-08-22 02:05:00-07",0,70,2,0.36,70,2,1.73,17.67,6
"2017-08-22 02:10:00-07",0,61,2,1.07,68.8,15,2.21,53.88,17
"2017-08-22 02:15:00-07",0,59,2,0,67.25,8,2.18,60,10
"2017-08-22 02:20:00-07",0.14,71.11,9,1.21,65.56,9,1.43,63.08,12
"2017-08-22 02:25:00-07",0.18,60.8,5,1.45,67.36,11,1.27,61.4,10
"2017-08-22 02:30:00-07",0,,0,0.93,66.29,14,4.29,60.5,16
"2017-08-22 02:35:00-07",0,69,2,0,70.67,6,0.64,66.8,10
"2017-08-22 02:40:00-07",0,,0,0.36,65.33,3,0.86,65.29,7
"2017-08-22 02:45:00-07",0,,0,0.73,65.5,8,3.64,60.87,15
"2017-08-22 02:50:00-07",0.07,64,2,0.36,69.13,8,3,59.69,13
"2017-08-22 02:55:00-07",0,64,3,2.09,63.9,10,3.91,59.46,13
"2017-08-22 03:00:00-07",0,68.33,3,0.71,69.09,11,1.5,45,8
"2017-08-22 03:05:00-07",0,,0,0.27,66.8,5,2.18,55.7,10
"2017-08-22 03:10:00-07",0,76.33,3,0.64,70.23,13,3.43,61.13,15
"2017-08-22 03:15:00-07",0,73,2,0,69.29,7,2.09,62.75,8
"2017-08-22 03:20:00-07",0,69,1,1.57,66.08,12,2.36,62.36,11
"2017-08-22 03:25:00-07",0,,0,0.82,70.56,9,1.73,56.7,10
"2017-08-22 03:30:00-07",0,73,1,0.57,67.5,8,2.86,62.43,14
"2017-08-22 03:35:00-07",0,68,3,1.09,67.7,10,3.73,58.38,16
"2017-08-22 03:40:00-07",0,67.2,5,0.57,64.29,14,4.93,58.24,25
"2017-08-22 03:45:00-07",0,22.33,3,0.36,69.42,12,2.45,64.92,13
"2017-08-22 03:50:00-07",0.14,52,3,0.57,62.22,9,2.5,57.5,14
"2017-08-22 03:55:00-07",0.09,63,2,0.73,67.5,6,4,61.9,21
"2017-08-22 04:00:00-07",0.29,70,8,1.29,66.93,14,3.93,62.37,19
"2017-08-22 04:05:00-07",0,64.5,4,0.27,70.75,8,1.45,62.55,11
"2017-08-22 04:10:00-07",0,67.5,6,0.57,68.41,17,5.43,60.85,27
"2017-08-22 04:15:00-07",0,75,2,0.91,67.17,6,2.73,63.3,20
"2017-08-22 04:20:00-07",0.43,70,17,2.71,68,25,3.64,59.38,13
"2017-08-22 04:25:00-07",0.45,66.85,13,2.09,66.58,12,6.36,58.57,21
"2017-08-22 04:30:00-07",0.5,68.05,19,3.14,66.67,21,3.29,61,22
"2017-08-22 04:35:00-07",0.82,67.33,15,2.55,65.47,19,3.91,63,18
"2017-08-22 04:40:00-07",0.29,69.17,12,0.43,68.71,14,4.43,60.68,22
"2017-08-22 04:45:00-07",0.18,72.25,8,1.64,70.55,20,6,60.65,23
"2017-08-22 04:50:00-07",0.14,67.45,11,4.07,66.41,34,2.21,63.11,18
"2017-08-22 04:55:00-07",0.27,70.5,8,2.45,67.55,22,6.09,60.65,23
"2017-08-22 05:00:00-07",0.5,69.71,14,0.57,69.1,20,3.43,64.24,25
"2017-08-22 05:05:00-07",0.27,68.83,12,0.36,68.73,11,2.82,60.94,16
"2017-08-22 05:10:00-07",0.29,68.6,10,2.43,68.39,28,3.57,63.04,28
"2017-08-22 05:15:00-07",1,70.24,21,2.45,69.32,28,7.55,61.63,24
"2017-08-22 05:20:00-07",1.14,67.85,27,6.21,65.72,46,8,64.9,40
"2017-08-22 05:25:00-07",1.55,68.35,26,3.18,70.62,29,7.27,57.86,28
"2017-08-22 05:30:00-07",0.93,69.17,24,2.86,70.32,34,4.64,61.88,32
"2017-08-22 05:35:00-07",2.64,71.02,42,4.55,69,34,6.27,63.45,33
"2017-08-22 05:40:00-07",2.29,68.73,44,3.36,67.68,44,6.07,60.78,36
"2017-08-22 05:45:00-07",1.55,64.71,28,4.18,67.24,38,2.64,68.09,22
"2017-08-22 05:50:00-07",1.43,69.23,30,4.71,67.65,51,4.36,58.5,32
"2017-08-22 05:55:00-07",1.91,68.66,32,4.55,67.86,37,4.36,63.33,33
"2017-08-22 06:00:00-07",2.36,68.62,45,4.64,66.45,49,6.79,63.45,44
"2017-08-22 06:05:00-07",2.45,66.97,33,5.91,66.75,40,5.64,61,32
"2017-08-22 06:10:00-07",2,69.43,40,4.07,68.12,51,5.07,60.65,43
"2017-08-22 06:15:00-07",4.82,69.52,67,8.45,67.12,52,6.36,63.08,49
"2017-08-22 06:20:00-07",3.71,68.96,68,5.29,69.14,73,8.86,60.71,72
"2017-08-22 06:25:00-07",6,67.22,78,7.27,67.34,58,7.73,60.55,64
"2017-08-22 06:30:00-07",3.79,68.3,66,5.86,69.51,69,7.71,62.8,65
"2017-08-22 06:35:00-07",4.45,69.31,64,9.45,67,70,9.45,60.31,52
"2017-08-22 06:40:00-07",4.79,68.84,75,6.93,68.66,79,11.36,64.2,90
"2017-08-22 06:45:00-07",4.73,70.84,58,7.27,69.63,51,7.36,64.38,53
"2017-08-22 06:50:00-07",6.14,68.82,95,8.29,68.1,83,8.43,63.29,69
"2017-08-22 06:55:00-07",5.27,68.4,70,6.73,69.6,57,7.27,63.42,53
"2017-08-22 07:00:00-07",5.21,70.84,82,5.93,68.07,67,8.21,63.27,63
"2017-08-22 07:05:00-07",7.36,66.44,87,9.73,66.13,80,12,56.35,71
"2017-08-22 07:10:00-07",4.64,67.91,87,8.57,68.09,85,9.86,59.03,89
"2017-08-22 07:15:00-07",5.82,67.17,77,7.18,67.47,66,7,60.69,45
"2017-08-22 07:20:00-07",5.79,67.01,88,7.93,66.5,82,9.79,59.81,67
"2017-08-22 07:25:00-07",4.64,68.14,58,7.27,60.08,66,8.27,62.02,45
"2017-08-22 07:30:00-07",7.36,67.46,123,9.71,66.24,89,8.79,59.05,75
"2017-08-22 07:35:00-07",7.82,69.1,100,6.91,67.9,72,11.09,62.14,66
"2017-08-22 07:40:00-07",4.79,68.07,82,6.93,65.36,74,11.93,59.01,88
"2017-08-22 07:45:00-07",5,68.58,66,5.36,67.35,52,6.18,61.74,50
"2017-08-22 07:50:00-07",4,67.53,72,8.57,68.35,92,6.57,60.24,50
"2017-08-22 07:55:00-07",6.36,68.11,83,9.36,66.36,72,11.73,63.08,61
"2017-08-22 08:00:00-07",4.07,67.45,67,8.93,65.47,85,6.79,61.31,62
"2017-08-22 08:05:00-07",5.09,69.42,66,9.55,64.97,63,13.18,57.83,69
"2017-08-22 08:10:00-07",7.14,65.42,110,13.57,62.8,108,10.57,58.51,90
"2017-08-22 08:15:00-07",7,68.9,89,8.55,66.91,66,9.73,57.1,67
"2017-08-22 08:20:00-07",5.57,66.05,93,9.86,66,96,10,58.43,83
"2017-08-22 08:25:00-07",6.91,29.38,91,8.73,68.26,69,5.82,65.29,45
"2017-08-22 08:30:00-07",6.21,7.65,97,9.14,67.47,92,8.93,58.27,66
"2017-08-22 08:35:00-07",7.18,7.89,87,11.27,65.44,68,13,58.44,66
"2017-08-22 08:40:00-07",3.93,5.95,66,6.36,67.84,68,8,63.23,74
"2017-08-22 08:45:00-07",6.09,7.82,79,9.73,65.38,73,9.18,59.95,61
"2017-08-22 08:50:00-07",5.14,7.92,85,6.71,67.12,66,5.64,62.99,71
"2017-08-22 08:55:00-07",3.82,6.17,52,6.27,69.42,52,9.27,59.82,56
"2017-08-22 09:00:00-07",6.21,7,97,8.93,65.54,69,10.07,59.63,71
"2017-08-22 09:05:00-07",6.09,66.58,74,10.73,66.28,68,11.18,61.13,61
"2017-08-22 09:10:00-07",5.71,67.71,98,9.07,65.42,78,9.57,61.31,77
"2017-08-22 09:15:00-07",7.64,67.97,99,12.82,65.41,69,12.82,59.28,65
"2017-08-22 09:20:00-07",7.43,65.46,112,11.5,62.48,79,9.14,58.23,66
"2017-08-22 09:25:00-07",4.82,69.36,66,6.18,68.12,59,9.36,61.33,54
"2017-08-22 09:30:00-07",6,68.09,97,9,65.68,92,9.64,60.59,71
"2017-08-22 09:35:00-07",4.36,66.58,60,9.27,66.1,69,8.82,62.03,62
"2017-08-22 09:40:00-07",6.14,68.85,94,11.43,65.84,110,10.86,60.1,90
"2017-08-22 09:45:00-07",6,66.83,76,9.91,65.56,68,10.18,58.5,46
"2017-08-22 09:50:00-07",4.57,67.08,77,6.57,67.72,64,5.64,58.9,60
"2017-08-22 09:55:00-07",5.73,67.67,73,10.73,65.58,66,10.64,58.89,63
"2017-08-22 10:00:00-07",4.21,68.06,67,7.57,66.91,81,10.14,60.4,81
"2017-08-22 10:05:00-07",5.36,67.9,71,6.18,66.98,58,8.18,61.29,48
"2017-08-22 10:10:00-07",6.07,66.72,111,10.27,65.49,98,11.07,58.51,91
"2017-08-22 10:15:00-07",8.46,65.14,111,9.46,65.01,78,9.46,59.99,69
"2017-08-22 10:20:00-07",8.45,66.71,98,10.55,66.05,78,9.91,60.69,65
"2017-08-22 10:25:00-07",5.55,65.32,72,11.09,63.12,65,13.36,54.72,75
"2017-08-22 10:30:00-07",6.73,66.07,123,10.33,62.69,111,10.33,55.1,93
"2017-08-22 10:35:00-07",7.15,65.33,98,9.46,64.68,74,9.38,58.44,64
"2017-08-22 10:40:00-07",5.4,65.22,94,9.6,65.04,90,9.27,59.66,96
"2017-08-22 10:45:00-07",8.75,64.56,82,10,64.39,56,9.38,58.26,53
"2017-08-22 10:50:00-07",9.2,63.47,98,11.2,63.41,76,16.1,59.42,66
"2017-08-22 10:55:00-07",6,65.2,92,10.07,63.36,92,8.29,58.46,68
"2017-08-22 11:00:00-07",5.47,65.43,89,10.53,64.85,100,12.33,58.15,103
"2017-08-22 11:05:00-07",9.15,62.6,121,11,63.2,86,12.92,59.75,107
"2017-08-22 11:10:00-07",6.93,64.69,113,10,63.34,88,13.33,56.4,103
"2017-08-22 11:15:00-07",6.38,64.67,54,6.25,64.48,33,8.88,60.39,41
"2017-08-22 11:20:00-07",6.2,64.91,102,9.67,62.76,98,11.4,55.12,91
"2017-08-22 11:25:00-07",8.43,64.87,125,9,65.14,88,11,59.29,95
"2017-08-22 11:30:00-07",6.8,66.47,112,8.4,63.88,101,7.6,59.45,69
"2017-08-22 11:35:00-07",7.15,65.81,107,10.62,65.44,86,8.77,61.48,84
"2017-08-22 11:40:00-07",9.4,64.66,152,10.73,62.71,108,12.27,59.66,112
"2017-08-22 11:45:00-07",8.38,64.89,117,10.38,63.78,98,9.46,59.77,70
"2017-08-22 11:50:00-07",5.56,64.91,57,10.78,62.93,46,10,56.55,42
"2017-08-22 11:55:00-07",7.25,63.27,62,10.75,62.74,50,11.63,58.53,49
"2017-08-22 12:00:00-07",9,64.03,139,13.47,62.27,113,11.47,56.4,105
"2017-08-22 12:05:00-07",8.86,66.41,140,10.29,65.85,81,8.29,61.63,83
"2017-08-22 12:10:00-07",6.6,64.61,107,7.53,65.42,91,10.53,61.3,105
"2017-08-22 12:15:00-07",8.08,65.24,108,12,63.83,100,12,57.38,99
"2017-08-22 12:20:00-07",7,64.97,108,10.33,63.54,91,7.93,58.35,74
"2017-08-22 12:25:00-07",7,61.04,91,9.38,64.41,76,12.62,57.14,91
"2017-08-22 12:30:00-07",7.73,62.81,115,11.33,62.63,84,11.6,53.39,80
"2017-08-22 12:35:00-07",5.38,65.84,82,12.69,63.53,88,10,58.93,61
"2017-08-22 12:40:00-07",7.73,63.33,114,9.2,64.85,82,12.73,58.52,98
"2017-08-22 12:45:00-07",9.92,65.05,132,12.69,64.18,88,13.23,58.4,87
"2017-08-22 12:50:00-07",6.6,65.44,110,11.07,63.71,91,10,56.38,98
"2017-08-22 12:55:00-07",6.92,66.15,98,9.92,67.6,90,9.15,61.84,83
"2017-08-22 13:00:00-07",5.29,66.05,80,11.43,62.91,93,8.79,59.93,82
"2017-08-22 13:05:00-07",8.38,64.63,118,11.38,62.36,87,11.77,58.04,110
"2017-08-22 13:10:00-07",5.64,66.32,82,6.14,65.86,74,7.36,60.05,73
"2017-08-22 13:15:00-07",7.29,61.35,99,9.14,62.05,78,8.07,58.95,76
"2017-08-22 13:20:00-07",8.27,65.75,126,7.73,64.6,75,11,57.63,107
"2017-08-22 13:25:00-07",6.36,64.67,93,7.21,62.4,67,14.14,55.26,93
"2017-08-22 13:30:00-07",6.53,64.36,107,10.6,64.86,87,11,54.63,108
"2017-08-22 13:35:00-07",7.43,65.84,112,10,64.87,92,9.14,59.98,82
"2017-08-22 13:40:00-07",6.53,65,108,7.07,66.14,78,12.33,58.47,117
"2017-08-22 13:45:00-07",10.64,63.57,152,10.79,63.32,112,9.93,57.42,95
"2017-08-22 13:50:00-07",9.93,63.65,151,10.93,63.11,95,10.8,55.96,117
"2017-08-22 13:55:00-07",6,63.76,54,9.88,63.76,51,12.13,55.39,56
"2017-08-22 14:00:00-07",10.18,62.08,105,11.73,61.15,66,11.55,58,77
"2017-08-22 14:05:00-07",10.25,62.98,127,12.67,60.65,84,12.83,52.7,93
"2017-08-22 14:10:00-07",7.4,63.76,119,7.8,63.9,101,12.33,55.73,124
"2017-08-22 14:15:00-07",7.07,65.02,113,9.5,66.05,85,11.43,59.61,111
"2017-08-22 14:20:00-07",10.27,63.69,161,10.67,63.04,108,11.33,56.63,117
"2017-08-22 14:25:00-07",9.71,62.14,139,12.57,61.1,104,11.64,54.01,94
"2017-08-22 14:30:00-07",8.2,64.06,139,10.8,64.16,122,11.07,55.42,123
"2017-08-22 14:35:00-07",9.43,63.89,132,11.43,63.07,92,11.57,56.46,108
"2017-08-22 14:40:00-07",11.33,63.03,179,11.87,62.17,132,14.47,54.31,153
"2017-08-22 14:45:00-07",8.14,65.71,118,12.57,62.69,109,12.14,55.92,119
"2017-08-22 14:50:00-07",10.82,60.32,117,11.91,62.3,87,16.82,53.75,119
"2017-08-22 14:55:00-07",10.17,64.17,128,14.08,63.34,104,9.83,58.14,90
"2017-08-22 15:00:00-07",9.53,64.94,142,10.2,63.2,100,11.2,56.8,120
"2017-08-22 15:05:00-07",11.57,57.37,146,14.43,59.68,120,13.14,55.05,126
"2017-08-22 15:10:00-07",10.2,62.36,151,9.47,63.3,109,12.73,46.68,130
"2017-08-22 15:15:00-07",10.86,62.92,158,11.14,62.04,98,13.57,51.06,128
"2017-08-22 15:20:00-07",14.4,36.11,131,23.2,32.02,111,32.73,21.74,148
"2017-08-22 15:25:00-07",15.5,38.04,130,18.21,33.94,94,32.86,22.83,128
"2017-08-22 15:30:00-07",15.27,38.84,136,20.53,36.43,107,27.53,26.45,134
"2017-08-22 15:35:00-07",15.64,39.69,146,19.86,36.6,112,29,24.66,145
"2017-08-22 15:40:00-07",16.73,40.18,158,18.93,39.13,126,29.4,26.95,140
"2017-08-22 15:45:00-07",17.21,40.16,150,19.93,38.37,113,27.79,25.53,144
"2017-08-22 15:50:00-07",15.53,37.68,143,18.67,37.02,127,29.47,26.4,159
"2017-08-22 15:55:00-07",15.64,37.94,140,18.36,35.32,112,26.21,25.14,131
"2017-08-22 16:00:00-07",14.6,38.27,134,20.8,36.36,124,30.53,25.36,155
"2017-08-22 16:05:00-07",16.36,36.86,141,22.5,33.99,104,35,24.27,141
"2017-08-22 16:10:00-07",15.33,37.97,145,20.67,35.28,120,28.73,25.62,149
"2017-08-22 16:15:00-07",15.29,39.15,128,17.14,38.33,118,25.86,26.89,146
"2017-08-22 16:20:00-07",15.53,37.94,140,24.2,34.6,121,30.73,23.35,154
"2017-08-22 16:25:00-07",13.71,40.39,134,19.36,37.73,123,25.71,24.87,123
"2017-08-22 16:30:00-07",16.87,37.5,159,20,33.93,117,28.47,24.25,143
"2017-08-22 16:35:00-07",13.93,40.62,135,19.5,38,112,26.21,27.3,139
"2017-08-22 16:40:00-07",14.93,38.3,144,20.87,35.87,122,27.67,25.85,142
"2017-08-22 16:45:00-07",16.64,38.6,146,19.5,36.57,115,27.86,24.72,130
"2017-08-22 16:50:00-07",15.07,41.04,151,20.6,38.06,136,28.27,26.13,154
"2017-08-22 16:55:00-07",14.57,42.13,143,20.07,37.45,135,30.64,21.13,136
"2017-08-22 17:00:00-07",16.73,38.3,155,21.73,34.49,136,36.13,21.18,153
"2017-08-22 17:05:00-07",15.43,38.33,123,21.57,35.99,130,29.5,25.17,138
"2017-08-22 17:10:00-07",15,40.42,151,18,39.59,130,28.73,27.49,162
"2017-08-22 17:15:00-07",15.36,41.26,145,18.07,39.52,120,26.29,28.29,149
"2017-08-22 17:20:00-07",16.2,41.76,162,21.33,38.43,116,29.13,24.94,153
"2017-08-22 17:25:00-07",16.36,40.58,147,17.36,40.5,130,27.07,27.12,136
"2017-08-22 17:30:00-07",14.33,37.75,134,21.4,33.81,132,31.4,22.44,147
"2017-08-22 17:35:00-07",16,37.52,135,21.36,34.88,117,30.36,24.55,144
"2017-08-22 17:40:00-07",13.47,42.8,142,16.67,37.97,119,35.8,21.59,143
"2017-08-22 17:45:00-07",14.57,41.34,140,19.79,36.54,125,28.29,27.66,130
"2017-08-22 17:50:00-07",13.47,40.94,132,17.53,36.45,125,33.2,21.24,131
"2017-08-22 17:55:00-07",13.13,42.19,78,15.63,35.53,60,38.38,21.96,69
"2017-08-22 18:00:00-07",16.2,35.71,144,22.73,32.97,118,34.2,22.13,130
"2017-08-22 18:05:00-07",13.07,40.73,126,15.64,39.7,89,23.29,30.63,136
"2017-08-22 18:10:00-07",6.87,67.3,114,8.27,65.69,111,8.13,57.27,99
"2017-08-22 18:15:00-07",5.93,66.91,91,7.36,65.7,86,7.71,58.4,85
"2017-08-22 18:20:00-07",5.4,67.64,96,6.73,68.13,94,8.53,60.81,89
"2017-08-22 18:25:00-07",8.71,65.35,130,8,64.36,94,11.71,58.22,100
"2017-08-22 18:30:00-07",6.45,67.03,78,9.91,68.88,64,9.55,59.4,80
"2017-08-22 18:35:00-07",5.5,67.08,76,8.17,67.95,74,9.17,59.7,92
"2017-08-22 18:40:00-07",5.53,67.72,92,6.93,68.58,80,6.67,62.66,82
"2017-08-22 18:45:00-07",5,67.69,84,5.29,67.79,68,7.86,64.31,96
"2017-08-22 18:50:00-07",5.2,69.47,95,8.8,69.47,97,7.73,58.88,83
"2017-08-22 18:55:00-07",4.5,69.35,82,7.14,68.42,83,6.71,62.68,73
"2017-08-22 19:00:00-07",4.13,69.87,77,4.53,69.96,68,6.47,63.7,71
"2017-08-22 19:05:00-07",4,69.28,72,7.29,68.72,72,8.36,64.49,97
"2017-08-22 19:10:00-07",3.13,68.28,61,4.93,68.84,69,4.73,65.52,52
"2017-08-22 19:15:00-07",3.14,68,60,6.71,67.36,72,6.07,61.95,81
"2017-08-22 19:20:00-07",3.33,71.18,67,5.6,68.3,71,4.4,63.13,60
"2017-08-22 19:25:00-07",2.79,69.69,49,4.93,68.49,63,5.5,63.19,52
"2017-08-22 19:30:00-07",4.2,70.05,84,7.13,67.14,85,5.8,61.89,76
"2017-08-22 19:35:00-07",3.57,68.76,62,5.64,69.29,76,5.93,59.83,77
"2017-08-22 19:40:00-07",2.73,69.88,52,4.67,68.88,56,5,66.29,48
"2017-08-22 19:45:00-07",1.86,71.46,41,4.79,70.3,61,4.43,64.36,58
"2017-08-22 19:50:00-07",3.47,68.25,65,5.4,68.19,75,7.47,62.59,74
"2017-08-22 19:55:00-07",2.93,68.95,56,3.07,69.18,49,6.29,62.97,62
"2017-08-22 20:00:00-07",3,70,44,3.4,67.89,38,8.3,63.32,50
"2017-08-22 20:05:00-07",3.63,69.03,37,6.5,65.32,38,7.13,57.08,48
"2017-08-22 20:10:00-07",3.4,69.08,65,4.33,68.68,68,7.07,63.58,74
"2017-08-22 20:15:00-07",2.5,69.48,29,4.25,68.65,37,6.88,59.53,32
"2017-08-22 20:20:00-07",2.8,67.9,60,5,68.32,76,4.67,63.19,58
"2017-08-22 20:25:00-07",2.86,64.85,61,5.43,66.16,56,8.71,60.18,79
"2017-08-22 20:30:00-07",5,68.55,51,5.67,67.24,38,8.44,58.94,36
"2017-08-22 20:35:00-07",3,68.49,57,5,67.75,71,6.43,57.34,58
"2017-08-22 20:40:00-07",1.73,66.05,39,4.07,66.32,62,3.93,64.49,55
"2017-08-22 20:45:00-07",2.5,67.36,50,5.21,67.24,58,6.64,59.65,65
"2017-08-22 20:50:00-07",2.13,68.39,46,4.93,66.83,70,5,61.96,47
"2017-08-22 20:55:00-07",1.93,66.19,31,1.36,66.84,25,2.86,60.13,31
"2017-08-22 21:00:00-07",0.87,66.1,21,3.93,64.5,38,3.73,61.46,26
"2017-08-22 21:05:00-07",3.07,69.04,53,5.79,65.97,62,4.71,62.14,42
"2017-08-22 21:10:00-07",3.73,67.57,75,4.53,67.69,62,4.53,63.21,48
"2017-08-22 21:15:00-07",2.86,68.11,54,5.93,66.45,66,3.79,62.5,42
"2017-08-22 21:20:00-07",3.07,66.26,54,3.4,66.41,49,5.73,61.98,54
"2017-08-22 21:25:00-07",3.5,67.36,67,5.21,66.32,59,7.21,62.68,47
"2017-08-22 21:30:00-07",2.07,68.43,44,3.4,68.68,47,3.67,66.25,52
"2017-08-22 21:35:00-07",3.43,67.58,66,3.64,68.16,50,4.86,64.09,43
"2017-08-22 21:40:00-07",1.93,68.55,40,2.87,70.02,47,3.67,62.69,42
"2017-08-22 21:45:00-07",2.29,67.47,43,4.14,67,52,7.57,61.82,44
"2017-08-22 21:50:00-07",2.67,69.61,49,3.4,69.17,53,3.33,63.2,40
"2017-08-22 21:55:00-07",2.14,71.36,44,2.64,69.86,35,3.14,64.18,38
"2017-08-22 22:00:00-07",2,66.98,43,3.53,65.79,47,5.27,59.95,41
"2017-08-22 22:05:00-07",1,68.93,27,4.21,66.49,45,4.57,63.44,36
"2017-08-22 22:10:00-07",1.27,69.57,37,3.6,69.36,53,4.67,62.82,45
"2017-08-22 22:15:00-07",1.71,68.57,37,3,67.95,42,4.14,61.89,44
"2017-08-22 22:20:00-07",1.6,69.46,37,2.47,67.9,51,5.4,61.13,48
"2017-08-22 22:25:00-07",1.79,68.61,36,2.5,67.38,48,3.21,63.4,42
"2017-08-22 22:30:00-07",0.87,67.7,23,2.33,69.31,49,3.27,63.29,34
"2017-08-22 22:35:00-07",2.14,67.16,38,1.79,67.81,31,3.64,64.52,31
"2017-08-22 22:40:00-07",0.8,68.67,24,2.4,65.86,42,3.4,63.6,40
"2017-08-22 22:45:00-07",1,68.04,24,1.93,69,36,3.86,60.19,27
"2017-08-22 22:50:00-07",0.73,66.35,20,2.53,67.49,35,4.4,61.77,26
"2017-08-22 22:55:00-07",0.79,68.09,23,3.57,65.83,35,2.43,61.85,26
"2017-08-22 23:00:00-07",0.4,69.31,16,1.47,70.88,34,4.67,62.48,29
"2017-08-22 23:05:00-07",0.86,69.67,27,2.14,69.41,41,3.29,62.33,27
"2017-08-22 23:10:00-07",0.27,67.53,15,2.6,68.2,44,4.13,62.71,41
"2017-08-22 23:15:00-07",0.93,69.24,25,2.29,71,32,1.64,66.67,15
"2017-08-22 23:20:00-07",0.67,70.06,18,2.13,70.56,43,3.6,62.79,29
"2017-08-22 23:25:00-07",0.36,68.43,14,1.36,68.08,25,5.93,62.5,32
"2017-08-22 23:30:00-07",0.53,68.88,17,1.47,65.84,25,3.47,61.87,31
"2017-08-22 23:35:00-07",0.14,68.56,9,2.93,61.13,32,3.21,62.74,23
"2017-08-22 23:40:00-07",0.53,66,11,2.87,68.33,39,1.47,63.33,24
"2017-08-22 23:45:00-07",0,70.25,4,0.88,69.67,15,1.5,64.2,10
"2017-08-22 23:50:00-07",0,68.86,7,2.07,67,28,3.53,58.18,22
"2017-08-22 23:55:00-07",0.21,67,4,0.71,69.5,16,2.86,63.26,23
"2017-08-23 00:00:00-07",0,76,3,0.67,64.41,17,3.33,60.19,16
"2017-08-23 00:05:00-07",0.07,68.2,5,1.64,67.47,17,2.36,64.89,18
"2017-08-23 00:10:00-07",0,84,2,0.47,65.73,11,3,64.6,25
"2017-08-23 00:15:00-07",0.21,69.31,13,1.93,68.38,26,2.43,64.35,17
"2017-08-23 00:20:00-07",0.13,70.56,9,1.4,55.2,20,2.73,63.35,20
"2017-08-23 00:25:00-07",0.21,69,11,1.43,71.42,19,3,65.68,22
"2017-08-23 00:30:00-07",0.53,69.89,18,0.87,69.53,19,2.07,64.26,19
"2017-08-23 00:35:00-07",0,68.75,4,0.86,65.41,17,2.21,63.44,16
"2017-08-23 00:40:00-07",0.13,73.8,5,1.67,67.93,27,1.33,67.11,19
"2017-08-23 00:45:00-07",0.29,68.5,8,1.07,68.22,18,4.36,62.63,19
"2017-08-23 00:50:00-07",0,67.71,7,0.53,68.11,18,2.13,65.94,18
"2017-08-23 00:55:00-07",0.25,66,6,1.38,67.25,12,5.5,62,13
"2017-08-23 01:00:00-07",0.53,64.15,13,0.33,73.71,14,5,61.38,29
"2017-08-23 01:05:00-07",0,70,5,0.71,69.08,13,3.14,62.05,19
"2017-08-23 01:10:00-07",0.07,67.5,10,1.4,52.14,14,2.47,63.07,14
"2017-08-23 01:15:00-07",0.14,68.86,7,0.5,69.28,18,1.5,70.71,17
"2017-08-23 01:20:00-07",0.53,67.56,16,0.33,66.17,6,2.47,63.32,19
"2017-08-23 01:25:00-07",0,66.33,3,0.07,72.78,9,4.36,60.56,18
"2017-08-23 01:30:00-07",0,77,1,0.93,65.31,13,1.87,61.15,13
"2017-08-23 01:35:00-07",0.25,76,4,1.25,65.55,11,0.25,63.75,8
"2017-08-23 01:40:00-07",0,75.2,5,0.53,68.87,15,1.67,62.3,10
"2017-08-23 01:45:00-07",0,68,1,1.36,66.77,13,3.14,60.54,13
"2017-08-23 01:50:00-07",0,68,4,1.45,62.73,15,2.91,61.79,14
"2017-08-23 01:55:00-07",0,67.5,4,0.75,53.67,9,4.58,60.1,20
"2017-08-23 02:00:00-07",0,,0,0,67.83,6,1.91,61.25,8
"2017-08-23 02:05:00-07",0,72,3,0.58,68,5,1.83,49,10
"2017-08-23 02:10:00-07",0,78,1,0.67,71.75,12,1.47,66.09,11
"2017-08-23 02:15:00-07",0.14,69.63,8,0.14,66.71,7,3.07,65.32,25
"2017-08-23 02:20:00-07",0.07,65.67,3,0.73,66.94,16,3.53,61.19,21
"2017-08-23 02:25:00-07",0,69.67,3,0.64,68.6,10,2.5,64.25,16
"2017-08-23 02:30:00-07",0.07,63.33,3,0.13,64,10,2,64.27,11
"2017-08-23 02:35:00-07",0,64.5,2,0.79,65.5,10,2.43,61.08,13
"2017-08-23 02:40:00-07",0,67.8,5,1.13,67.62,13,1.93,64.8,15
"2017-08-23 02:45:00-07",0,72,4,0.93,69.07,15,1.71,71.18,11
"2017-08-23 02:50:00-07",0,70.5,4,1.4,68.56,16,3.27,62.55,22
"2017-08-23 02:55:00-07",0.14,69.44,9,1.71,68.3,20,3.79,62.14,21
"2017-08-23 03:00:00-07",0,71,4,1.07,65.5,10,4.33,58.84,25
"2017-08-23 03:05:00-07",0,69.33,3,2.14,69.08,12,7.07,61.86,29
"2017-08-23 03:10:00-07",0,81,1,0.07,73.33,6,2.47,60.43,14
"2017-08-23 03:15:00-07",0.07,68.8,5,0.79,69.13,16,3.86,59.41,17
"2017-08-23 03:20:00-07",0,70.43,7,1.33,60.82,11,2,58.94,17
"2017-08-23 03:25:00-07",0,70,2,1.29,66.67,12,2.86,60.8,15
"2017-08-23 03:30:00-07",0,,0,0.13,71.75,8,4.73,63.07,27
"2017-08-23 03:35:00-07",0.07,69,2,0.29,66.5,8,3.57,62.48,21
"2017-08-23 03:40:00-07",0,63,1,1.6,66,15,4.53,64.48,21
"2017-08-23 03:45:00-07",0,67.5,4,0.64,66.4,15,5.71,64.38,29
"2017-08-23 03:50:00-07",0,68.8,5,1.27,66.55,11,3.13,62.53,19
"2017-08-23 03:55:00-07",0,71,1,0.71,69,14,1.57,64.33,9
"2017-08-23 04:00:00-07",0.18,70,2,0.36,67.5,4,2.91,59.5,12
"2017-08-23 04:05:00-07",0.5,70,6,0.13,72.75,8,2.5,64.9,10
"2017-08-23 04:10:00-07",0,66.4,5,0.6,66.37,19,3.67,62.88,26
"2017-08-23 04:15:00-07",0.29,71.14,14,1.93,70.3,23,4.93,61.68,19
"2017-08-23 04:20:00-07",0.2,72.21,14,2.53,68.75,24,6,61.46,26
"2017-08-23 04:25:00-07",0,49.14,7,2.93,65.55,22,4.36,60.63,19
"2017-08-23 04:30:00-07",0.2,55.82,11,1.13,69.79,19,3.6,61.94,16
"2017-08-23 04:35:00-07",0,71.88,8,2.43,70.35,17,4.5,63.36,22
"2017-08-23 04:40:00-07",0,64.6,5,0.47,69.43,14,2.93,62.5,20
"2017-08-23 04:45:00-07",0.43,71.55,11,1.64,67.9,29,4.29,63.4,25
"2017-08-23 04:50:00-07",0.27,71.47,15,1.93,64.64,25,3,59.55,29
"2017-08-23 04:55:00-07",0.64,68.9,21,3.57,65.52,31,6.07,61.84,37
"2017-08-23 05:00:00-07",0.47,69.29,17,2.67,68.22,37,4.93,55.87,30
"2017-08-23 05:05:00-07",0.36,66.86,7,3.07,68.05,40,8,61.08,37
"2017-08-23 05:10:00-07",0.93,67.88,25,3,68.73,30,3,60.09,22
"2017-08-23 05:15:00-07",0.64,67.37,19,2.57,69.82,33,5.29,61.18,28
"2017-08-23 05:20:00-07",1,69.19,26,3.2,68.33,46,5.93,62.14,37
"2017-08-23 05:25:00-07",0.64,69.63,19,3.43,68.02,43,8.5,59.17,41
"2017-08-23 05:30:00-07",1.87,69.69,42,5.6,69.38,58,5.53,64.69,35
"2017-08-23 05:35:00-07",1.43,61.76,34,4.57,67.6,45,7.5,61.21,43
"2017-08-23 05:40:00-07",2.2,68.28,40,5.13,68.07,58,8.07,63.68,53
"2017-08-23 05:45:00-07",1.43,70.89,35,3.14,68.84,45,5.36,64.06,35
"2017-08-23 05:50:00-07",2.2,70.83,47,4.73,69.21,56,6,63.56,43
"2017-08-23 05:55:00-07",3.57,68.83,60,5.21,68.63,51,8.86,62.45,65
"2017-08-23 06:00:00-07",2.47,69.92,51,5.07,67.75,57,6.8,59.55,58
"2017-08-23 06:05:00-07",2.88,69.87,30,5.5,66.93,41,5.75,64.66,32
"2017-08-23 06:10:00-07",3.27,69.3,61,4.87,69.63,64,6.2,61.63,52
"2017-08-23 06:15:00-07",4.07,68.39,76,6.64,68.32,65,7,61.24,46
"2017-08-23 06:20:00-07",5.67,68.46,91,6.67,66.66,83,8.53,62.46,65
"2017-08-23 06:25:00-07",4.29,70.33,75,7.57,67.73,78,7.71,62.29,59
"2017-08-23 06:30:00-07",3.43,70.28,64,4.86,68.94,52,6.29,66.17,54
"2017-08-23 06:35:00-07",5.92,69.3,97,6.38,67.32,65,6.46,62.93,69
"2017-08-23 06:40:00-07",5.6,68.29,98,6.33,68.15,98,7.93,62.93,89
"2017-08-23 06:45:00-07",4.57,69.47,77,5.36,67.84,67,7.36,61.86,70
"2017-08-23 06:50:00-07",6.73,68.18,112,10.47,67.15,101,6.27,63.01,73
"2017-08-23 06:55:00-07",6.5,68.27,109,9.21,66.53,83,9.07,60.18,67
"2017-08-23 07:00:00-07",4.64,67.9,60,5.82,67.35,52,3.55,63.42,36
"2017-08-23 07:05:00-07",6.67,67.94,96,8.25,65.56,59,11.17,57.43,77
"2017-08-23 07:10:00-07",7.6,67.42,126,7.53,67.92,97,10.67,61.35,94
"2017-08-23 07:15:00-07",7.93,67.08,122,8.93,65.67,85,9.36,62.47,86
"2017-08-23 07:20:00-07",10.27,65.27,163,13.2,64.83,126,10.33,58.9,94
"2017-08-23 07:25:00-07",8.5,68.6,139,8.71,67.15,84,8.79,62.58,97
"2017-08-23 07:30:00-07",6.2,69.57,115,7.2,69.25,97,8.27,63.38,78
"2017-08-23 07:35:00-07",5,67.3,83,10,66.41,106,9.36,61.14,77
"2017-08-23 07:40:00-07",8.78,68.05,81,9.22,68.37,59,10.44,62.03,59
"2017-08-23 07:45:00-07",8.14,67.09,126,9,65.04,84,9.64,61.72,85
"2017-08-23 07:50:00-07",5.8,66.99,101,10.67,65.02,106,10.4,58.9,103
"2017-08-23 07:55:00-07",5.86,68.54,98,9,67.29,90,7.07,63.34,70
"2017-08-23 08:00:00-07",6.27,69.23,114,8.53,67.22,100,7.67,61.49,81
"2017-08-23 08:05:00-07",4,69,40,7.5,68.32,41,8.25,62.5,38
"2017-08-23 08:10:00-07",9.09,67.43,114,11.55,65.33,73,9.91,62.26,62
"2017-08-23 08:15:00-07",5.78,68.15,60,6.89,68.31,52,8,61.98,45
"2017-08-23 08:20:00-07",7.25,69.04,100,7,67.18,73,10.58,60.19,78
"2017-08-23 08:25:00-07",6.67,67.51,95,8.42,68.1,92,6.58,61.5,52
"2017-08-23 08:30:00-07",7.53,66.85,124,10.47,65.51,85,14.2,55.74,89
"2017-08-23 08:35:00-07",6.67,67.39,88,7.92,66.35,72,9.92,57.49,57
"2017-08-23 08:40:00-07",5.87,67.01,102,9,65.98,96,7.93,60.86,70
"2017-08-23 08:45:00-07",7.08,67.22,95,9.08,67.07,71,8.75,61.73,59
"2017-08-23 08:50:00-07",7.56,65.42,77,9,63.62,69,9.33,58,55
"2017-08-23 08:55:00-07",3.67,68.17,53,8.17,67,63,7.17,61.86,57
"2017-08-23 09:00:00-07",5.53,66.18,92,9.13,65.58,104,7.6,61.12,78
"2017-08-23 09:05:00-07",6.91,67.02,87,8.91,64.92,74,7.73,58.56,59
"2017-08-23 09:10:00-07",5.08,65.79,73,9,65.81,74,11.62,59.05,64
"2017-08-23 09:15:00-07",7,66.88,68,8.36,65.9,58,10.64,62.86,56
"2017-08-23 09:20:00-07",4.62,68.87,71,6.77,66.09,69,10.85,62.14,74
"2017-08-23 09:25:00-07",7.78,66.27,78,13.67,64.52,63,10.44,59.42,57
"2017-08-23 09:30:00-07",8.69,64.63,121,13,63.52,86,13.77,57.15,82
"2017-08-23 09:35:00-07",8.33,66.24,87,9.67,64.84,67,9.44,59.15,53
"2017-08-23 09:40:00-07",9,66.67,129,9.31,64.76,84,10.46,61.21,80
"2017-08-23 09:45:00-07",6.44,68.7,70,5.89,67.22,45,7.89,61.96,51
"2017-08-23 09:50:00-07",6.62,65.98,98,9.46,65.14,83,9.62,62.62,76
"2017-08-23 09:55:00-07",5.11,67.78,54,6.67,67.16,55,13.44,58.8,60
"2017-08-23 10:00:00-07",8.08,66.72,115,10.08,65.5,90,8.62,59.14,77
"2017-08-23 10:05:00-07",6.7,67.35,71,7.7,66.85,62,11.4,61.88,65
"2017-08-23 10:10:00-07",7.64,66.48,107,11.07,65.3,89,9.71,60.32,73
"2017-08-23 10:15:00-07",8.89,64.39,82,11.89,65.46,61,16,55.72,82
"2017-08-23 10:20:00-07",7.25,66.65,65,9.75,65.87,60,7.5,60.26,46
"2017-08-23 10:25:00-07",7.89,64.34,83,10.44,63.14,51,11.56,59.02,57
"2017-08-23 10:30:00-07",8.44,65.64,80,11,64.67,66,9.44,59.39,67
"2017-08-23 10:35:00-07",8.2,64.01,85,9.4,64.37,70,12,61.09,65
"2017-08-23 10:40:00-07",10.57,64.08,75,11.14,63.63,54,9.29,56.98,43
"2017-08-23 10:45:00-07",8.9,65.55,92,9.5,64.71,80,13.6,60.77,78
"2017-08-23 10:50:00-07",8.17,63.68,103,14.5,61.12,104,13.25,57.86,81
"2017-08-23 10:55:00-07",8,64.99,80,8.78,64.21,42,11.44,58.03,59
"2017-08-23 11:00:00-07",6.92,65.54,97,16.38,64.38,85,12.69,59.35,81
"2017-08-23 11:05:00-07",9.56,64.82,91,11.33,61.08,60,15.44,54.85,82
"2017-08-23 11:10:00-07",4.14,67.42,36,8,64.25,32,10.71,57.68,34
"2017-08-23 11:15:00-07",7.82,64.88,95,13,64.36,84,12.36,53.15,84
"2017-08-23 11:20:00-07",9.85,63.44,135,14.54,62.5,103,10.23,57.51,103
"2017-08-23 11:25:00-07",11,62.46,123,15.36,60.74,90,13,51.95,75
"2017-08-23 11:30:00-07",7.85,62.22,109,10.69,61.37,67,14.77,54.92,92
"2017-08-23 11:35:00-07",10.91,61.67,126,13.27,64.19,94,10.91,58.9,89
"2017-08-23 11:40:00-07",10.38,62.57,122,11.46,63.71,102,14.08,53.78,104
"2017-08-23 11:45:00-07",9.11,64.98,88,11.89,63.11,72,9.56,60.06,62
"2017-08-23 11:50:00-07",9.83,64.72,127,10.92,62.42,84,10.67,58.57,87
"2017-08-23 11:55:00-07",7.89,66.23,80,10.11,65.08,65,5.56,60.98,43
"2017-08-23 12:00:00-07",8.38,63.63,128,13.77,63.57,107,12.46,56.78,103
"2017-08-23 12:05:00-07",7.67,64.73,73,11.78,64.51,63,10.33,59.91,65
"2017-08-23 12:10:00-07",7,65.67,103,11.08,64.47,87,8.83,57.75,81
"2017-08-23 12:15:00-07",10,65.6,114,8.73,65.57,69,10.09,61.44,73
"2017-08-23 12:20:00-07",10.17,65.15,123,11.67,51.36,88,12.08,58.17,99
"2017-08-23 12:25:00-07",10.33,64.66,101,11.67,62.4,65,15.56,53.8,79
"2017-08-23 12:30:00-07",9.25,62.71,111,15.58,60.23,92,16.17,49.54,123
"2017-08-23 12:35:00-07",9.89,64.11,89,11.56,63.1,68,11.33,56.8,64
"2017-08-23 12:40:00-07",9.67,62.78,108,13.08,62.61,85,14.75,57.15,109
"2017-08-23 12:45:00-07",11.33,65.28,72,10,64.67,36,13,55.27,52
"2017-08-23 12:50:00-07",12.38,62.16,159,18,60.36,102,16.38,49.79,117
"2017-08-23 12:55:00-07",9.8,58.5,90,11.5,58.57,67,14.2,51.17,87
"2017-08-23 13:00:00-07",6.89,66.7,73,11.33,63.75,64,11.22,58.39,61
"2017-08-23 13:05:00-07",9.1,63.68,94,13.4,63.45,87,12,55.33,78
"2017-08-23 13:10:00-07",11.14,62.38,76,13.43,61.58,48,10.43,57.41,44
"2017-08-23 13:15:00-07",12.7,62.36,122,11.9,60.81,67,14.4,53.64,78
"2017-08-23 13:20:00-07",9.22,63.12,84,9.22,64.58,55,10.78,59.38,65
"2017-08-23 13:25:00-07",8.73,65.53,140,14.73,62.84,115,8.73,55.92,87
"2017-08-23 13:30:00-07",8.54,64.41,116,11.69,64.22,106,12.31,56.54,115
"2017-08-23 13:35:00-07",8.36,63.73,99,11,62.17,69,9.64,57.48,67
"2017-08-23 13:40:00-07",9.38,62.56,132,16.38,61.77,96,10.38,54.99,85
"2017-08-23 13:45:00-07",8.33,64.08,52,10,63.13,46,12.33,55.74,46
"2017-08-23 13:50:00-07",9.56,65.74,97,9,64.06,53,10,61.8,64
"2017-08-23 13:55:00-07",8.1,63.53,86,11.6,65.78,63,12.1,57.26,70
"2017-08-23 14:00:00-07",7.78,64.22,72,14,62.09,79,12.33,53.57,67
"2017-08-23 14:05:00-07",9.4,66.07,101,10.3,65.83,65,9,59.42,62
"2017-08-23 14:10:00-07",14.86,53.98,88,15,56.24,49,14.14,53.71,51
"2017-08-23 14:15:00-07",10.82,62.6,120,13.36,57.76,70,14.36,48.85,93
"2017-08-23 14:20:00-07",9.31,64.32,117,13,62.46,103,10.92,58.72,94
"2017-08-23 14:25:00-07",10.45,63.86,119,10.82,63.66,94,12,58.41,98
"2017-08-23 14:30:00-07",8.31,64.65,113,10.54,62.1,81,11.15,57.32,94
"2017-08-23 14:35:00-07",10.7,62.51,109,14.5,60.57,91,13.1,53.01,91
"2017-08-23 14:40:00-07",9.71,62.73,67,9.86,61.45,51,14.29,55.15,75
"2017-08-23 14:45:00-07",12,54.3,106,19.1,51.96,82,17.3,40.05,82
"2017-08-23 14:50:00-07",17.08,35.89,114,19.67,34.44,102,28,26.57,122
"2017-08-23 14:55:00-07",15.9,35.34,90,17,34.56,81,28,23.43,95
"2017-08-23 15:00:00-07",11.07,44.24,112,22.36,38.67,98,27.21,25.97,123
"2017-08-23 15:05:00-07",6.3,58.71,65,11,56.67,60,14.1,45.43,84
"2017-08-23 15:10:00-07",8.54,60.53,109,12.54,60.12,83,8.92,53.17,100
"2017-08-23 15:15:00-07",6.82,61.51,80,8.55,61.43,65,11.27,53.84,89
"2017-08-23 15:20:00-07",7.85,61.32,105,8.31,59.39,89,10.15,50.8,91
"2017-08-23 15:25:00-07",8.18,61.36,87,8.82,62.42,66,9.64,53.65,86
"2017-08-23 15:30:00-07",6.83,62.4,80,8.25,62.46,63,9.75,53.08,84
"2017-08-23 15:35:00-07",8.7,57.28,79,8.6,57.32,62,12.7,51.07,97
"2017-08-23 15:40:00-07",10,59.57,63,9.71,60.16,49,15.29,50.42,76
"2017-08-23 15:45:00-07",9.47,56.72,136,10.53,57.03,93,16.13,50.05,153
"2017-08-23 15:50:00-07",12,55.84,97,12.56,57.25,69,12.56,50.06,81
"2017-08-23 15:55:00-07",12.67,53.4,164,13.33,54.05,105,14,45.11,133
"2017-08-23 16:00:00-07",12.44,52.8,98,11.56,54.06,66,14.78,46.71,85
"2017-08-23 16:05:00-07",10.2,57.09,92,12.4,53.67,66,17.6,43.33,110
"2017-08-23 16:10:00-07",10.85,57.31,143,12.85,57.31,110,11.54,51.97,117
"2017-08-23 16:15:00-07",9,58,36,10,57,32,10,48,24
"2017-08-23 16:20:00-07",10.67,56.77,88,8.33,56.76,58,14.78,45.58,72
"2017-08-23 16:25:00-07",13.7,41.35,94,19.1,37.14,84,30.8,23.69,110
"2017-08-23 16:30:00-07",11.56,46.38,77,13,43.46,56,28.44,25.49,90
"2017-08-23 16:35:00-07",9,57.28,78,13.4,55.31,90,13,42.84,76
"2017-08-23 16:40:00-07",6.56,61.85,59,9.11,60.35,55,9.67,55.69,70
"2017-08-23 16:45:00-07",7.9,65.02,82,7.5,64.44,54,8.6,53.99,67
"2017-08-23 16:50:00-07",9.22,57.57,83,12.67,56.86,79,13.33,46.46,63
"2017-08-23 16:55:00-07",12,47.79,92,16.5,42.47,64,28.3,25,85
"2017-08-23 17:00:00-07",9,60.7,77,12.67,60.05,65,9.89,49.73,82
"2017-08-23 17:05:00-07",9.4,61.86,102,11.1,61.13,79,11.3,50.81,86
"2017-08-23 17:10:00-07",8.54,60.63,112,9.77,60.55,80,12.69,53.03,113
"2017-08-23 17:15:00-07",9.91,59.54,105,12.45,56.46,84,14.27,49.34,111
"2017-08-23 17:20:00-07",10.54,56.63,125,12,57.39,88,20.69,42.55,159
"2017-08-23 17:25:00-07",9.17,59.23,56,10.5,58.64,50,8.17,56.28,43
"2017-08-23 17:30:00-07",8.77,61.09,117,10.31,60.26,94,11.69,54.39,112
"2017-08-23 17:35:00-07",9.45,59.54,103,9.36,59.52,66,11.91,50.2,92
"2017-08-23 17:40:00-07",11.54,56.89,138,11.69,54.3,99,17,42.75,134
"2017-08-23 17:45:00-07",18.83,37.72,64,20.67,35.87,62,36.17,23.24,58
"2017-08-23 17:50:00-07",17.46,38.53,138,17.46,37.33,117,30,24.45,127
"2017-08-23 17:55:00-07",13.91,40.68,105,16.91,38.42,89,29.45,25.12,113
"2017-08-23 18:00:00-07",16.92,38.85,135,19.38,36.25,95,33.92,20.36,122
"2017-08-23 18:05:00-07",17.91,36.62,119,23.91,32.29,70,31.64,19.82,78
"2017-08-23 18:10:00-07",16.46,38.5,131,21.38,35.99,104,31.77,22.77,133
"2017-08-23 18:15:00-07",15.2,39.26,99,17.2,37.41,79,33,24.72,105
"2017-08-23 18:20:00-07",16.42,36.03,116,21.5,33.72,100,32.33,20.8,115
"2017-08-23 18:25:00-07",17.7,37.44,105,25.6,34.84,73,34.7,24.41,91
"2017-08-23 18:30:00-07",17.33,39.1,130,19.17,39.12,112,30,30.56,118
"2017-08-23 18:35:00-07",16.44,40.38,98,17.11,40.92,88,20.11,36.79,107
"2017-08-23 18:40:00-07",14,46.23,134,16.38,45.13,106,19.46,36.95,121
"2017-08-23 18:45:00-07",15.7,37.66,96,20,37.25,76,24,29.36,94
"2017-08-23 18:50:00-07",14,38.51,110,20.67,37.69,98,32.83,25,102
"2017-08-23 18:55:00-07",15.56,35.81,85,21.89,33,73,34.44,20.1,88
"2017-08-23 19:00:00-07",15.17,37.18,112,17.17,36.87,90,31.17,26.58,118
"2017-08-23 19:05:00-07",13.6,39.79,87,17.9,35.68,77,24.3,26.48,95
"2017-08-23 19:10:00-07",16.42,36.53,121,18.83,35.13,92,30.67,26.58,116
"2017-08-23 19:15:00-07",15.5,35.84,89,18.8,32.59,66,34.4,24.91,102
"2017-08-23 19:20:00-07",15.5,38.73,120,17.17,38.38,80,24.08,33.62,113
"2017-08-23 19:25:00-07",10.33,60.47,94,11.78,60.07,76,10.33,56.5,76
"2017-08-23 19:30:00-07",6.08,67.16,95,7.54,67.16,88,7.23,62.33,67
"2017-08-23 19:35:00-07",5.89,68.06,63,7.89,66.82,62,8.11,60.26,53
"2017-08-23 19:40:00-07",4.33,67.97,65,5.67,68.05,56,9.08,58.13,80
"2017-08-23 19:45:00-07",1.89,68.31,26,6.22,66.18,44,3.78,64.52,31
"2017-08-23 19:50:00-07",4.38,69.52,66,5.54,69.34,68,8.62,60.56,64
"2017-08-23 19:55:00-07",5.11,68.08,51,6.22,68.06,48,5,63.52,29
"2017-08-23 20:00:00-07",2.38,70.37,46,5.31,68.38,56,4.85,62.64,53
"2017-08-23 20:05:00-07",5,65.88,57,9,64.76,54,4.78,59.18,33
"2017-08-23 20:10:00-07",3.69,67.37,62,4.23,66.26,57,7.54,60.17,70
"2017-08-23 20:15:00-07",4.33,70.87,30,4.33,70.38,32,6,60.29,28
"2017-08-23 20:20:00-07",2.83,66.33,42,5.25,65.56,61,5.42,61.13,46
"2017-08-23 20:25:00-07",3.89,68.04,45,7.67,67.04,55,7.56,57.93,55
"2017-08-23 20:30:00-07",4.83,67.52,65,6.67,65.83,64,5.58,60.33,51
"2017-08-23 20:35:00-07",3.89,67.65,40,4.67,65.73,33,6.89,56.21,47
"2017-08-23 20:40:00-07",3.15,67.34,53,5,63.24,62,10.46,58.7,87
"2017-08-23 20:45:00-07",4.44,66.46,48,5.44,65.83,47,6.11,61.05,41
"2017-08-23 20:50:00-07",2.77,67.51,49,5.62,66.95,56,6.62,60.73,44
"2017-08-23 20:55:00-07",3.11,67.16,38,4.11,64.78,36,6,64.3,40
"2017-08-23 21:00:00-07",4.46,68.71,66,4.92,67.26,57,5.31,61.25,53
"2017-08-23 21:05:00-07",4.6,70.06,48,5.2,66.22,41,9.7,59.7,50
"2017-08-23 21:10:00-07",4.08,68.12,58,3.5,66.75,44,4.83,61.19,37
"2017-08-23 21:15:00-07",2.2,70.49,35,4,67.84,37,4.5,62.86,37
"2017-08-23 21:20:00-07",2.25,68.7,43,4.17,67.66,58,4.25,61.94,36
"2017-08-23 21:25:00-07",2.33,67.67,30,5.22,66.55,38,5.33,62,37
"2017-08-23 21:30:00-07",2.38,67.84,44,3.62,67.58,48,6.15,59.88,40
"2017-08-23 21:35:00-07",3.11,68.11,36,3,66.23,30,3.78,58.62,21
"2017-08-23 21:40:00-07",3.43,65.28,25,8.71,67.72,36,5,56.67,24
"2017-08-23 21:45:00-07",1.44,68,24,3.33,68.68,28,4.33,63.23,22
"2017-08-23 21:50:00-07",3.33,67.6,47,6.17,66.72,58,4.08,61.22,27
"2017-08-23 21:55:00-07",1.78,68.75,28,3,67.83,29,5.33,63.1,20
"2017-08-23 22:00:00-07",1.31,66.94,32,3.54,68.08,59,5.15,62.86,51
"2017-08-23 22:05:00-07",1.78,66.86,22,4,65.72,39,3.22,63.76,21
"2017-08-23 22:10:00-07",1.38,69.09,32,4.69,66.53,51,3.62,61.82,33
"2017-08-23 22:15:00-07",3.6,67.27,44,5.2,69.1,42,3.7,61.25,24
"2017-08-23 22:20:00-07",1.33,70.82,22,1.89,69.09,23,2.67,65.8,20
"2017-08-23 22:25:00-07",1.78,69.17,24,4.44,70.06,36,2.33,60.14,22
"2017-08-23 22:30:00-07",1.86,67.16,19,3.29,65.61,23,5.29,63.38,24
"2017-08-23 22:35:00-07",1.22,68.79,19,3,68.63,32,4.11,64.79,24
"2017-08-23 22:40:00-07",1.57,69.47,15,2.43,68.67,21,3,64.2,20
"2017-08-23 22:45:00-07",0.38,67.38,8,3.75,66.81,21,5.38,60.9,21
"2017-08-23 22:50:00-07",1.75,70.18,17,1.38,69.37,19,10.25,61.19,26
"2017-08-23 22:55:00-07",0.56,68.1,10,2.89,68.09,22,4.89,57.67,18
"2017-08-23 23:00:00-07",0.44,65.18,11,1.67,66.83,23,5,60.3,20
"2017-08-23 23:05:00-07",1,69.84,19,4.5,68.77,44,1.9,61.5,14
"2017-08-23 23:10:00-07",1.14,71.43,14,1.14,68.21,14,3.43,66.27,11
"2017-08-23 23:15:00-07",1.5,67.55,22,5.2,66.03,33,4,61.16,25
"2017-08-23 23:20:00-07",2.33,68.08,26,2.67,65.44,27,3,63.76,21
"2017-08-23 23:25:00-07",1.8,68.63,24,2.1,69.21,28,1.1,53.39,18
"2017-08-23 23:30:00-07",2,66.5,8,5,64.73,11,4,60.8,5
"2017-08-23 23:35:00-07",1,68.6,15,1.9,68.86,28,2.9,60.38,16
"2017-08-23 23:40:00-07",0.44,67.82,11,1.56,73,15,2.22,61,11
"2017-08-23 23:45:00-07",0.5,68,15,2,69.74,23,1.6,62.93,14
"2017-08-23 23:50:00-07",0.67,67,13,1.89,67.25,16,2.44,64.07,14
"2017-08-23 23:55:00-07",0.4,68.79,14,3.3,67.86,29,2.6,58.17,18
